User: USER,Path: C:\Program Files (x86)\BMG\Omega\User\Data\,Test ID: 589,,,,,,,,,,,,,,,,,,,,,,,,,,,,,,,,,,,,,,,,,,,,,,,,,,,,,,,,,,,,,,,,,,,,,,,,,,,,,,,,,,,,,,,,,,,,,,,,,,,,,,,,,,,,,,,,,,,,,,,,,,,,,,,,,,,,,,,,,,,,,,,,,,,,,,,,,,,,,,,,,,,,,,,,,,,,,,,,,,,,,,,,,,,,,,,,,,,,,,,,,,,,,,,,,,,,,,,,,,,,,,,,,,,,,,,,,,,,,,,,,,,,,,,,,,,,,,,,,,,,,,,,,,,,,,,,,,,,,,,,,,,,,,,,,,,,,,,,,,,,,,,,,,,,,,,,,,,,,,,,,,,,,,,,,,,,,,,,,,,,,,,,,,,,,,,,,,,,,,,,,,,,,,,,,,,,,,,,,,,,,,,,,,,,,,,,,,,,,,,,,,,,,,,,,,,,,,,,,,,,,,,,,,,,,,,,,,,,,,,,,,,,,,,,,,,,,,,,,,,,,,,,,,,,,,,,,,,,,,,,,,,,,,,,,,,,,,,,,,,,,,,,,,,,,,,,,,,,,,,,,,,,,,,,,,,,,,,,,,,,,,,,,,,,,,,,,,,,,,,,,,,,,,,,,,,,,,,,,,,,,,,,,,,,,,,,,,,,,,,,,,,,,,,,,,,,,,,,,,,,,,,,,,,,,,,,,,,,,,,,,,,,,,,,,,,,,,,,,,,,,,,,,,,,,,,,,,,,,,,,,,,,,,,,,,,,,,,,,,,,,,,,,,,,,,,,,,,,,,,
Test Name: AP_MS_GFP,Date: 29/06/2022,Time: 16:51:17,,,,,,,,,,,,,,,,,,,,,,,,,,,,,,,,,,,,,,,,,,,,,,,,,,,,,,,,,,,,,,,,,,,,,,,,,,,,,,,,,,,,,,,,,,,,,,,,,,,,,,,,,,,,,,,,,,,,,,,,,,,,,,,,,,,,,,,,,,,,,,,,,,,,,,,,,,,,,,,,,,,,,,,,,,,,,,,,,,,,,,,,,,,,,,,,,,,,,,,,,,,,,,,,,,,,,,,,,,,,,,,,,,,,,,,,,,,,,,,,,,,,,,,,,,,,,,,,,,,,,,,,,,,,,,,,,,,,,,,,,,,,,,,,,,,,,,,,,,,,,,,,,,,,,,,,,,,,,,,,,,,,,,,,,,,,,,,,,,,,,,,,,,,,,,,,,,,,,,,,,,,,,,,,,,,,,,,,,,,,,,,,,,,,,,,,,,,,,,,,,,,,,,,,,,,,,,,,,,,,,,,,,,,,,,,,,,,,,,,,,,,,,,,,,,,,,,,,,,,,,,,,,,,,,,,,,,,,,,,,,,,,,,,,,,,,,,,,,,,,,,,,,,,,,,,,,,,,,,,,,,,,,,,,,,,,,,,,,,,,,,,,,,,,,,,,,,,,,,,,,,,,,,,,,,,,,,,,,,,,,,,,,,,,,,,,,,,,,,,,,,,,,,,,,,,,,,,,,,,,,,,,,,,,,,,,,,,,,,,,,,,,,,,,,,,,,,,,,,,,,,,,,,,,,,,,,,,,,,,,,,,,,,,,,,,,,,,,,,,,,,,,,,,,,,,,,,,,,,,
"Fluorescence (FI), multichromatic",,,,,,,,,,,,,,,,,,,,,,,,,,,,,,,,,,,,,,,,,,,,,,,,,,,,,,,,,,,,,,,,,,,,,,,,,,,,,,,,,,,,,,,,,,,,,,,,,,,,,,,,,,,,,,,,,,,,,,,,,,,,,,,,,,,,,,,,,,,,,,,,,,,,,,,,,,,,,,,,,,,,,,,,,,,,,,,,,,,,,,,,,,,,,,,,,,,,,,,,,,,,,,,,,,,,,,,,,,,,,,,,,,,,,,,,,,,,,,,,,,,,,,,,,,,,,,,,,,,,,,,,,,,,,,,,,,,,,,,,,,,,,,,,,,,,,,,,,,,,,,,,,,,,,,,,,,,,,,,,,,,,,,,,,,,,,,,,,,,,,,,,,,,,,,,,,,,,,,,,,,,,,,,,,,,,,,,,,,,,,,,,,,,,,,,,,,,,,,,,,,,,,,,,,,,,,,,,,,,,,,,,,,,,,,,,,,,,,,,,,,,,,,,,,,,,,,,,,,,,,,,,,,,,,,,,,,,,,,,,,,,,,,,,,,,,,,,,,,,,,,,,,,,,,,,,,,,,,,,,,,,,,,,,,,,,,,,,,,,,,,,,,,,,,,,,,,,,,,,,,,,,,,,,,,,,,,,,,,,,,,,,,,,,,,,,,,,,,,,,,,,,,,,,,,,,,,,,,,,,,,,,,,,,,,,,,,,,,,,,,,,,,,,,,,,,,,,,,,,,,,,,,,,,,,,,,,,,,,,,,,,,,,,,,,,,,,,,,,,,,,,,,,,,,,,,,,,,,,,,,
,,,,,,,,,,,,,,,,,,,,,,,,,,,,,,,,,,,,,,,,,,,,,,,,,,,,,,,,,,,,,,,,,,,,,,,,,,,,,,,,,,,,,,,,,,,,,,,,,,,,,,,,,,,,,,,,,,,,,,,,,,,,,,,,,,,,,,,,,,,,,,,,,,,,,,,,,,,,,,,,,,,,,,,,,,,,,,,,,,,,,,,,,,,,,,,,,,,,,,,,,,,,,,,,,,,,,,,,,,,,,,,,,,,,,,,,,,,,,,,,,,,,,,,,,,,,,,,,,,,,,,,,,,,,,,,,,,,,,,,,,,,,,,,,,,,,,,,,,,,,,,,,,,,,,,,,,,,,,,,,,,,,,,,,,,,,,,,,,,,,,,,,,,,,,,,,,,,,,,,,,,,,,,,,,,,,,,,,,,,,,,,,,,,,,,,,,,,,,,,,,,,,,,,,,,,,,,,,,,,,,,,,,,,,,,,,,,,,,,,,,,,,,,,,,,,,,,,,,,,,,,,,,,,,,,,,,,,,,,,,,,,,,,,,,,,,,,,,,,,,,,,,,,,,,,,,,,,,,,,,,,,,,,,,,,,,,,,,,,,,,,,,,,,,,,,,,,,,,,,,,,,,,,,,,,,,,,,,,,,,,,,,,,,,,,,,,,,,,,,,,,,,,,,,,,,,,,,,,,,,,,,,,,,,,,,,,,,,,,,,,,,,,,,,,,,,,,,,,,,,,,,,,,,,,,,,,,,,,,,,,,,,,,,,,,,,,,,,,,,,,,,,,,,,,,,,,,,,,,,,,
,,,,,,,,,,,,,,,,,,,,,,,,,,,,,,,,,,,,,,,,,,,,,,,,,,,,,,,,,,,,,,,,,,,,,,,,,,,,,,,,,,,,,,,,,,,,,,,,,,,,,,,,,,,,,,,,,,,,,,,,,,,,,,,,,,,,,,,,,,,,,,,,,,,,,,,,,,,,,,,,,,,,,,,,,,,,,,,,,,,,,,,,,,,,,,,,,,,,,,,,,,,,,,,,,,,,,,,,,,,,,,,,,,,,,,,,,,,,,,,,,,,,,,,,,,,,,,,,,,,,,,,,,,,,,,,,,,,,,,,,,,,,,,,,,,,,,,,,,,,,,,,,,,,,,,,,,,,,,,,,,,,,,,,,,,,,,,,,,,,,,,,,,,,,,,,,,,,,,,,,,,,,,,,,,,,,,,,,,,,,,,,,,,,,,,,,,,,,,,,,,,,,,,,,,,,,,,,,,,,,,,,,,,,,,,,,,,,,,,,,,,,,,,,,,,,,,,,,,,,,,,,,,,,,,,,,,,,,,,,,,,,,,,,,,,,,,,,,,,,,,,,,,,,,,,,,,,,,,,,,,,,,,,,,,,,,,,,,,,,,,,,,,,,,,,,,,,,,,,,,,,,,,,,,,,,,,,,,,,,,,,,,,,,,,,,,,,,,,,,,,,,,,,,,,,,,,,,,,,,,,,,,,,,,,,,,,,,,,,,,,,,,,,,,,,,,,,,,,,,,,,,,,,,,,,,,,,,,,,,,,,,,,,,,,,,,,,,,,,,,,,,,,,,,,,,,,,,,,,,,,
Well,Content,Raw Data (485/520 1),Raw Data (485/520 1),Raw Data (485/520 1),Raw Data (485/520 1),Raw Data (485/520 1),Raw Data (485/520 1),Raw Data (485/520 1),Raw Data (485/520 1),Raw Data (485/520 1),Raw Data (485/520 1),Raw Data (485/520 1),Raw Data (485/520 1),Raw Data (485/520 1),Raw Data (485/520 1),Raw Data (485/520 1),Raw Data (485/520 1),Raw Data (485/520 1),Raw Data (485/520 1),Raw Data (485/520 1),Raw Data (485/520 1),Raw Data (485/520 1),Raw Data (485/520 1),Raw Data (485/520 1),Raw Data (485/520 1),Raw Data (485/520 1),Raw Data (485/520 1),Raw Data (485/520 1),Raw Data (485/520 1),Raw Data (485/520 1),Raw Data (485/520 1),Raw Data (485/520 1),Raw Data (485/520 1),Raw Data (485/520 1),Raw Data (485/520 1),Raw Data (485/520 1),Raw Data (485/520 1),Raw Data (485/520 1),Raw Data (485/520 1),Raw Data (485/520 1),Raw Data (485/520 1),Raw Data (485/520 1),Raw Data (485/520 1),Raw Data (485/520 1),Raw Data (485/520 1),Raw Data (485/520 1),Raw Data (485/520 1),Raw Data (485/520 1),Raw Data (485/520 1),Raw Data (485/520 1),Raw Data (485/520 1),Raw Data (485/520 1),Raw Data (485/520 1),Raw Data (485/520 1),Raw Data (485/520 1),Raw Data (485/520 1),Raw Data (485/520 1),Raw Data (485/520 1),Raw Data (485/520 1),Raw Data (485/520 1),Raw Data (485/520 1),Raw Data (485/520 1),Raw Data (485/520 1),Raw Data (485/520 1),Raw Data (485/520 1),Raw Data (485/520 1),Raw Data (485/520 1),Raw Data (485/520 1),Raw Data (485/520 1),Raw Data (485/520 1),Raw Data (485/520 1),Raw Data (485/520 1),Raw Data (485/520 1),Raw Data (485/520 1),Raw Data (485/520 1),Raw Data (485/520 1),Raw Data (485/520 1),Raw Data (485/520 1),Raw Data (485/520 1),Raw Data (485/520 1),Raw Data (485/520 1),Raw Data (485/520 1),Raw Data (485/520 1),Raw Data (485/520 1),Raw Data (485/520 1),Raw Data (485/520 1),Raw Data (485/520 1),Raw Data (485/520 1),Raw Data (485/520 1),Raw Data (485/520 1),Raw Data (485/520 1),Raw Data (485/520 1),Raw Data (485/520 1),Raw Data (485/520 1),Raw Data (485/520 1),Raw Data (485/520 1),Raw Data (485/520 1),Raw Data (485/520 1),Raw Data (485/520 1),Raw Data (485/520 1),Raw Data (485/520 1),Raw Data (485/520 1),Raw Data (485/520 1),Raw Data (485/520 1),Raw Data (485/520 1),Raw Data (485/520 1),Raw Data (485/520 1),Raw Data (485/520 1),Raw Data (485/520 1),Raw Data (485/520 1),Raw Data (485/520 1),Raw Data (485/520 1),Raw Data (485/520 1),Raw Data (485/520 1),Raw Data (485/520 1),Raw Data (485/520 1),Raw Data (485/520 1),Raw Data (485/520 1),Raw Data (485/520 1),Raw Data (485/520 1),Raw Data (485/520 1),Raw Data (485/520 1),Raw Data (485/520 1),Raw Data (485/520 1),Raw Data (485/520 1),Raw Data (485/520 1),Raw Data (485/520 1),Raw Data (485/520 1),Raw Data (485/520 1),Raw Data (485/520 1),Raw Data (485/520 1),Raw Data (485/520 1),Raw Data (485/520 1),Raw Data (485/520 1),Raw Data (485/520 1),Raw Data (485/520 1),Raw Data (485/520 1),Raw Data (485/520 1),Raw Data (485/520 1),Raw Data (485/520 1),Raw Data (485/520 1),Raw Data (485/520 1),Raw Data (485/520 1),Raw Data (485/520 1),Raw Data (485/520 1),Raw Data (485/520 1),Raw Data (485/520 1),Raw Data (485/520 1),Raw Data (485/520 1),Raw Data (485/520 1),Raw Data (485/520 1),Raw Data (485/520 1),Raw Data (485/520 1),Raw Data (485/520 1),Raw Data (485/520 1),Raw Data (485/520 1),Raw Data (485/520 1),Raw Data (485/520 1),Raw Data (485/520 1),Raw Data (485/520 1),Raw Data (485/520 1),Raw Data (485/520 1),Raw Data (485/520 1),Raw Data (485/520 1),Raw Data (485/520 1),Raw Data (485/520 1),Raw Data (485/520 1),Raw Data (485/520 1),Raw Data (485/520 1),Raw Data (485/520 1),Raw Data (485/520 1),Raw Data (485/520 1),Raw Data (485/520 1),Raw Data (485/520 1),Raw Data (485/520 1),Raw Data (485/520 1),Raw Data (485/520 1),Raw Data (485/520 1),Raw Data (485/520 1),Raw Data (485/520 1),Raw Data (485/520 1),Raw Data (485/520 1),Raw Data (485/520 1),Raw Data (485/520 1),Raw Data (485/520 1),Raw Data (485/520 1),Raw Data (485/520 1),Raw Data (485/520 1),Raw Data (485/520 1),Raw Data (485/520 1),Raw Data (485/520 1),Raw Data (485/520 1),Raw Data (485/520 1),Raw Data (485/520 1),Raw Data (485/520 1),Raw Data (485/520 1),Raw Data (485/520 1),Raw Data (485/520 1),Raw Data (485/520 1),Raw Data (485/520 1),Raw Data (485/520 1),Raw Data (485/520 1),Raw Data (485/520 1),Raw Data (485/520 1),Raw Data (485/520 1),Raw Data (485/520 1),Raw Data (485/520 1),Raw Data (485/520 1),Raw Data (485/520 1),Raw Data (485/520 1),Raw Data (485/520 1),Raw Data (485/520 1),Raw Data (485/520 1),Raw Data (485/520 1),Raw Data (485/520 1),Raw Data (485/520 1),Raw Data (485/520 1),Raw Data (485/520 1),Raw Data (485/520 1),Raw Data (485/520 1),Raw Data (485/520 1),Raw Data (485/520 1),Raw Data (485/520 1),Raw Data (485/520 1),Raw Data (485/520 1),Raw Data (485/520 1),Raw Data (485/520 1),Raw Data (485/520 1),Raw Data (485/520 1),Raw Data (485/520 1),Raw Data (485/520 1),Raw Data (485/520 1),Raw Data (485/520 1),Raw Data (485/520 1),Raw Data (485/520 1),Raw Data (485/520 1),Raw Data (485/520 1),Raw Data (485/520 1),Raw Data (485/520 1),Raw Data (485/520 1),Raw Data (485/520 1),Raw Data (485/520 1),Raw Data (485/520 1),Raw Data (485/520 1),Raw Data (485/520 1),Raw Data (485/520 1),Raw Data (485/520 1),Raw Data (485/520 1),Raw Data (485/520 1),Raw Data (485/520 1),Raw Data (485/520 1),Raw Data (485/520 1),Raw Data (485/520 1),Raw Data (485/520 1),Raw Data (485/520 1),Raw Data (485/520 1),Raw Data (485/520 1),Raw Data (485/520 1),Raw Data (485/520 1),Raw Data (485/520 1),Raw Data (485/520 1),Raw Data (485/520 1),Raw Data (485/520 1),Raw Data (485/520 1),Raw Data (485/520 1),Raw Data (485/520 1),Raw Data (485/520 1),Raw Data (485/520 1),Raw Data (485/520 1),Raw Data (485/520 1),Raw Data (485/520 1),Raw Data (485/520 1),Raw Data (485/520 1),Raw Data (485/520 1),Raw Data (485/520 1),Raw Data (485/520 1),Raw Data (485/520 1),Raw Data (485/520 1),Raw Data (485/520 1),Raw Data (485/520 1),Raw Data (485/520 1),Raw Data (485/520 1),Raw Data (485/520 1),Raw Data (485/520 1),Raw Data (485/520 1),Raw Data (485/520 1),Raw Data (485/520 1),Raw Data (485/520 1),Raw Data (485/520 1),Raw Data (485/520 1),Raw Data (485/520 1),Raw Data (485/520 1),Raw Data (485/520 1),Raw Data (485/520 1),Raw Data (485/520 1),Raw Data (485/520 1),Raw Data (485/520 1),Raw Data (485/520 1),Raw Data (485/520 1),Raw Data (485/520 1),Raw Data (485/520 1),Raw Data (485/520 1),Raw Data (485/520 1),Raw Data (485/520 1),Raw Data (485/520 1),Raw Data (485/520 1),Raw Data (485/520 1),Raw Data (485/520 1),Raw Data (485/520 1),Raw Data (485/520 1),Raw Data (485/520 1),Raw Data (485/520 1),Raw Data (485/520 1),Raw Data (485/520 1),Raw Data (485/520 1),Raw Data (485/520 1),Raw Data (485/520 1),Raw Data (485/520 1),Raw Data (485/520 1),Raw Data (485/520 1),Raw Data (485/520 1),Raw Data (485/520 1),Raw Data (485/520 1),Raw Data (485/520 1),Raw Data (485/520 1),Raw Data (485/520 1),Raw Data (485/520 1),Raw Data (485/520 1),Raw Data (485/520 1),Raw Data (485/520 1),Raw Data (485/520 1),Raw Data (485/520 1),Raw Data (485/520 1),Raw Data (485/520 1),Raw Data (485/520 1),Raw Data (485/520 1),Raw Data (485/520 1),Raw Data (485/520 1),Raw Data (485/520 1),Raw Data (485/520 1),Raw Data (485/520 1),Raw Data (485/520 1),Raw Data (485/520 1),Raw Data (485/520 1),Raw Data (485/520 1),Raw Data (485/520 1),Raw Data (485/520 1),Raw Data (485/520 1),Raw Data (485/520 1),Raw Data (485/520 1),Raw Data (485/520 1),Raw Data (485/520 1),Raw Data (485/520 1),Raw Data (485/520 1),Raw Data (485/520 1),Raw Data (485/520 1),Raw Data (485/520 1),Raw Data (485/520 1),Raw Data (485/520 1),Raw Data (485/520 1),Raw Data (485/520 1),Raw Data (485/520 2),Raw Data (485/520 2),Raw Data (485/520 2),Raw Data (485/520 2),Raw Data (485/520 2),Raw Data (485/520 2),Raw Data (485/520 2),Raw Data (485/520 2),Raw Data (485/520 2),Raw Data (485/520 2),Raw Data (485/520 2),Raw Data (485/520 2),Raw Data (485/520 2),Raw Data (485/520 2),Raw Data (485/520 2),Raw Data (485/520 2),Raw Data (485/520 2),Raw Data (485/520 2),Raw Data (485/520 2),Raw Data (485/520 2),Raw Data (485/520 2),Raw Data (485/520 2),Raw Data (485/520 2),Raw Data (485/520 2),Raw Data (485/520 2),Raw Data (485/520 2),Raw Data (485/520 2),Raw Data (485/520 2),Raw Data (485/520 2),Raw Data (485/520 2),Raw Data (485/520 2),Raw Data (485/520 2),Raw Data (485/520 2),Raw Data (485/520 2),Raw Data (485/520 2),Raw Data (485/520 2),Raw Data (485/520 2),Raw Data (485/520 2),Raw Data (485/520 2),Raw Data (485/520 2),Raw Data (485/520 2),Raw Data (485/520 2),Raw Data (485/520 2),Raw Data (485/520 2),Raw Data (485/520 2),Raw Data (485/520 2),Raw Data (485/520 2),Raw Data (485/520 2),Raw Data (485/520 2),Raw Data (485/520 2),Raw Data (485/520 2),Raw Data (485/520 2),Raw Data (485/520 2),Raw Data (485/520 2),Raw Data (485/520 2),Raw Data (485/520 2),Raw Data (485/520 2),Raw Data (485/520 2),Raw Data (485/520 2),Raw Data (485/520 2),Raw Data (485/520 2),Raw Data (485/520 2),Raw Data (485/520 2),Raw Data (485/520 2),Raw Data (485/520 2),Raw Data (485/520 2),Raw Data (485/520 2),Raw Data (485/520 2),Raw Data (485/520 2),Raw Data (485/520 2),Raw Data (485/520 2),Raw Data (485/520 2),Raw Data (485/520 2),Raw Data (485/520 2),Raw Data (485/520 2),Raw Data (485/520 2),Raw Data (485/520 2),Raw Data (485/520 2),Raw Data (485/520 2),Raw Data (485/520 2),Raw Data (485/520 2),Raw Data (485/520 2),Raw Data (485/520 2),Raw Data (485/520 2),Raw Data (485/520 2),Raw Data (485/520 2),Raw Data (485/520 2),Raw Data (485/520 2),Raw Data (485/520 2),Raw Data (485/520 2),Raw Data (485/520 2),Raw Data (485/520 2),Raw Data (485/520 2),Raw Data (485/520 2),Raw Data (485/520 2),Raw Data (485/520 2),Raw Data (485/520 2),Raw Data (485/520 2),Raw Data (485/520 2),Raw Data (485/520 2),Raw Data (485/520 2),Raw Data (485/520 2),Raw Data (485/520 2),Raw Data (485/520 2),Raw Data (485/520 2),Raw Data (485/520 2),Raw Data (485/520 2),Raw Data (485/520 2),Raw Data (485/520 2),Raw Data (485/520 2),Raw Data (485/520 2),Raw Data (485/520 2),Raw Data (485/520 2),Raw Data (485/520 2),Raw Data (485/520 2),Raw Data (485/520 2),Raw Data (485/520 2),Raw Data (485/520 2),Raw Data (485/520 2),Raw Data (485/520 2),Raw Data (485/520 2),Raw Data (485/520 2),Raw Data (485/520 2),Raw Data (485/520 2),Raw Data (485/520 2),Raw Data (485/520 2),Raw Data (485/520 2),Raw Data (485/520 2),Raw Data (485/520 2),Raw Data (485/520 2),Raw Data (485/520 2),Raw Data (485/520 2),Raw Data (485/520 2),Raw Data (485/520 2),Raw Data (485/520 2),Raw Data (485/520 2),Raw Data (485/520 2),Raw Data (485/520 2),Raw Data (485/520 2),Raw Data (485/520 2),Raw Data (485/520 2),Raw Data (485/520 2),Raw Data (485/520 2),Raw Data (485/520 2),Raw Data (485/520 2),Raw Data (485/520 2),Raw Data (485/520 2),Raw Data (485/520 2),Raw Data (485/520 2),Raw Data (485/520 2),Raw Data (485/520 2),Raw Data (485/520 2),Raw Data (485/520 2),Raw Data (485/520 2),Raw Data (485/520 2),Raw Data (485/520 2),Raw Data (485/520 2),Raw Data (485/520 2),Raw Data (485/520 2),Raw Data (485/520 2),Raw Data (485/520 2),Raw Data (485/520 2),Raw Data (485/520 2),Raw Data (485/520 2),Raw Data (485/520 2),Raw Data (485/520 2),Raw Data (485/520 2),Raw Data (485/520 2),Raw Data (485/520 2),Raw Data (485/520 2),Raw Data (485/520 2),Raw Data (485/520 2),Raw Data (485/520 2),Raw Data (485/520 2),Raw Data (485/520 2),Raw Data (485/520 2),Raw Data (485/520 2),Raw Data (485/520 2),Raw Data (485/520 2),Raw Data (485/520 2),Raw Data (485/520 2),Raw Data (485/520 2),Raw Data (485/520 2),Raw Data (485/520 2),Raw Data (485/520 2),Raw Data (485/520 2),Raw Data (485/520 2),Raw Data (485/520 2),Raw Data (485/520 2),Raw Data (485/520 2),Raw Data (485/520 2),Raw Data (485/520 2),Raw Data (485/520 2),Raw Data (485/520 2),Raw Data (485/520 2),Raw Data (485/520 2),Raw Data (485/520 2),Raw Data (485/520 2),Raw Data (485/520 2),Raw Data (485/520 2),Raw Data (485/520 2),Raw Data (485/520 2),Raw Data (485/520 2),Raw Data (485/520 2),Raw Data (485/520 2),Raw Data (485/520 2),Raw Data (485/520 2),Raw Data (485/520 2),Raw Data (485/520 2),Raw Data (485/520 2),Raw Data (485/520 2),Raw Data (485/520 2),Raw Data (485/520 2),Raw Data (485/520 2),Raw Data (485/520 2),Raw Data (485/520 2),Raw Data (485/520 2),Raw Data (485/520 2),Raw Data (485/520 2),Raw Data (485/520 2),Raw Data (485/520 2),Raw Data (485/520 2),Raw Data (485/520 2),Raw Data (485/520 2),Raw Data (485/520 2),Raw Data (485/520 2),Raw Data (485/520 2),Raw Data (485/520 2),Raw Data (485/520 2),Raw Data (485/520 2),Raw Data (485/520 2),Raw Data (485/520 2),Raw Data (485/520 2),Raw Data (485/520 2),Raw Data (485/520 2),Raw Data (485/520 2),Raw Data (485/520 2),Raw Data (485/520 2),Raw Data (485/520 2),Raw Data (485/520 2),Raw Data (485/520 2),Raw Data (485/520 2),Raw Data (485/520 2),Raw Data (485/520 2),Raw Data (485/520 2),Raw Data (485/520 2),Raw Data (485/520 2),Raw Data (485/520 2),Raw Data (485/520 2),Raw Data (485/520 2),Raw Data (485/520 2),Raw Data (485/520 2),Raw Data (485/520 2),Raw Data (485/520 2),Raw Data (485/520 2),Raw Data (485/520 2),Raw Data (485/520 2),Raw Data (485/520 2),Raw Data (485/520 2),Raw Data (485/520 2),Raw Data (485/520 2),Raw Data (485/520 2),Raw Data (485/520 2),Raw Data (485/520 2),Raw Data (485/520 2),Raw Data (485/520 2),Raw Data (485/520 2),Raw Data (485/520 2),Raw Data (485/520 2),Raw Data (485/520 2),Raw Data (485/520 2),Raw Data (485/520 2),Raw Data (485/520 2),Raw Data (485/520 2),Raw Data (485/520 2),Raw Data (485/520 2),Raw Data (485/520 2),Raw Data (485/520 2),Raw Data (485/520 2),Raw Data (485/520 2),Raw Data (485/520 2),Raw Data (485/520 2),Raw Data (485/520 2),Raw Data (485/520 2),Raw Data (485/520 2),Raw Data (485/520 2),Raw Data (485/520 2),Raw Data (485/520 2),Raw Data (485/520 2),Raw Data (485/520 2),Raw Data (485/520 2),Raw Data (485/520 2),Raw Data (485/520 2),Raw Data (485/520 2),Raw Data (485/520 2),Raw Data (485/520 2),Raw Data (485/520 2),Raw Data (485/520 2),Raw Data (485/520 2),Raw Data (485/520 2),Raw Data (485/520 2),Raw Data (485/520 2),Raw Data (485/520 2),Raw Data (485/520 2),Raw Data (485/520 2),Raw Data (485/520 2),Raw Data (485/520 2),Raw Data (485/520 2),Raw Data (485/520 2),Raw Data (485/520 2),Raw Data (485/520 2),Raw Data (485/520 2),Raw Data (485/520 2),Raw Data (485/520 2),Raw Data (485/520 2),Raw Data (485/520 2),Raw Data (485/520 2),Raw Data (485/520 2),Raw Data (485/520 2),Raw Data (485/520 2),Raw Data (485/520 2),Raw Data (485/520 2),Raw Data (485/520 2),Raw Data (485/520 2),Raw Data (485/520 2),Raw Data (485/520 2),Raw Data (485/520 2),Raw Data (485/520 2),Raw Data (485/520 2),Raw Data (485/520 2),Raw Data (485/520 2),Raw Data (485/520 2),Raw Data (485/520 2),Raw Data (485/520 2),Raw Data (485/520 2),Raw Data (485/520 2),Raw Data (485/520 2),Raw Data (485/520 2),Raw Data (485/520 2),Raw Data (485/520 2),Raw Data (485/520 2),Raw Data (485/520 2),Raw Data (485/520 2),Raw Data (485/520 2),Raw Data (485/520 2),Raw Data (485/520 2),Raw Data (485/520 2),Raw Data (485/520 2),Raw Data (485/520 2),Raw Data (485/520 2),Raw Data (485/520 2),Raw Data (485/520 2),Raw Data (485/520 2),Raw Data (485/520 2),Raw Data (485/520 2),Raw Data (485/520 2),Raw Data (485/520 2),Raw Data (485/520 2),Raw Data (485/520 2),Raw Data (485/520 2)
,Time,0 h ,0 h 2 min,0 h 4 min,0 h 6 min,0 h 8 min,0 h 10 min,0 h 12 min,0 h 14 min,0 h 16 min,0 h 18 min,0 h 20 min,0 h 22 min,0 h 24 min,0 h 26 min,0 h 28 min,0 h 30 min,0 h 32 min,0 h 34 min,0 h 36 min,0 h 38 min,0 h 40 min,0 h 42 min,0 h 44 min,0 h 46 min,0 h 48 min,0 h 50 min,0 h 52 min,0 h 54 min,0 h 56 min,0 h 58 min,1 h ,1 h 2 min,1 h 4 min,1 h 6 min,1 h 8 min,1 h 10 min,1 h 12 min,1 h 14 min,1 h 16 min,1 h 18 min,1 h 20 min,1 h 22 min,1 h 24 min,1 h 26 min,1 h 28 min,1 h 30 min,1 h 32 min,1 h 34 min,1 h 36 min,1 h 38 min,1 h 40 min,1 h 42 min,1 h 44 min,1 h 46 min,1 h 48 min,1 h 50 min,1 h 52 min,1 h 54 min,1 h 56 min,1 h 58 min,2 h ,2 h 2 min,2 h 4 min,2 h 6 min,2 h 8 min,2 h 10 min,2 h 12 min,2 h 14 min,2 h 16 min,2 h 18 min,2 h 20 min,2 h 22 min,2 h 24 min,2 h 26 min,2 h 28 min,2 h 30 min,2 h 32 min,2 h 34 min,2 h 36 min,2 h 38 min,2 h 40 min,2 h 42 min,2 h 44 min,2 h 46 min,2 h 48 min,2 h 50 min,2 h 52 min,2 h 54 min,2 h 56 min,2 h 58 min,3 h ,3 h 2 min,3 h 4 min,3 h 6 min,3 h 8 min,3 h 10 min,3 h 12 min,3 h 14 min,3 h 16 min,3 h 18 min,3 h 20 min,3 h 22 min,3 h 24 min,3 h 26 min,3 h 28 min,3 h 30 min,3 h 32 min,3 h 34 min,3 h 36 min,3 h 38 min,3 h 40 min,3 h 42 min,3 h 44 min,3 h 46 min,3 h 48 min,3 h 50 min,3 h 52 min,3 h 54 min,3 h 56 min,3 h 58 min,4 h ,4 h 2 min,4 h 4 min,4 h 6 min,4 h 8 min,4 h 10 min,4 h 12 min,4 h 14 min,4 h 16 min,4 h 18 min,4 h 20 min,4 h 22 min,4 h 24 min,4 h 26 min,4 h 28 min,4 h 30 min,4 h 32 min,4 h 34 min,4 h 36 min,4 h 38 min,4 h 40 min,4 h 42 min,4 h 44 min,4 h 46 min,4 h 48 min,4 h 50 min,4 h 52 min,4 h 54 min,4 h 56 min,4 h 58 min,5 h ,5 h 2 min,5 h 4 min,5 h 6 min,5 h 8 min,5 h 10 min,5 h 12 min,5 h 14 min,5 h 16 min,5 h 18 min,5 h 20 min,5 h 22 min,5 h 24 min,5 h 26 min,5 h 28 min,5 h 30 min,5 h 32 min,5 h 34 min,5 h 36 min,5 h 38 min,5 h 40 min,5 h 42 min,5 h 44 min,5 h 46 min,5 h 48 min,5 h 50 min,5 h 52 min,5 h 54 min,5 h 56 min,5 h 58 min,6 h ,6 h 2 min,6 h 4 min,6 h 6 min,6 h 8 min,6 h 10 min,6 h 12 min,6 h 14 min,6 h 16 min,6 h 18 min,6 h 20 min,6 h 22 min,6 h 24 min,6 h 26 min,6 h 28 min,6 h 30 min,6 h 32 min,6 h 34 min,6 h 36 min,6 h 38 min,6 h 40 min,6 h 42 min,6 h 44 min,6 h 46 min,6 h 48 min,6 h 50 min,6 h 52 min,6 h 54 min,6 h 56 min,6 h 58 min,7 h ,7 h 2 min,7 h 4 min,7 h 6 min,7 h 8 min,7 h 10 min,7 h 12 min,7 h 14 min,7 h 16 min,7 h 18 min,7 h 20 min,7 h 22 min,7 h 24 min,7 h 26 min,7 h 28 min,7 h 30 min,7 h 32 min,7 h 34 min,7 h 36 min,7 h 38 min,7 h 40 min,7 h 42 min,7 h 44 min,7 h 46 min,7 h 48 min,7 h 50 min,7 h 52 min,7 h 54 min,7 h 56 min,7 h 58 min,8 h ,8 h 2 min,8 h 4 min,8 h 6 min,8 h 8 min,8 h 10 min,8 h 12 min,8 h 14 min,8 h 16 min,8 h 18 min,8 h 20 min,8 h 22 min,8 h 24 min,8 h 26 min,8 h 28 min,8 h 30 min,8 h 32 min,8 h 34 min,8 h 36 min,8 h 38 min,8 h 40 min,8 h 42 min,8 h 44 min,8 h 46 min,8 h 48 min,8 h 50 min,8 h 52 min,8 h 54 min,8 h 56 min,8 h 58 min,9 h ,9 h 2 min,9 h 4 min,9 h 6 min,9 h 8 min,9 h 10 min,9 h 12 min,9 h 14 min,9 h 16 min,9 h 18 min,9 h 20 min,9 h 22 min,9 h 24 min,9 h 26 min,9 h 28 min,9 h 30 min,9 h 32 min,9 h 34 min,9 h 36 min,9 h 38 min,9 h 40 min,9 h 42 min,9 h 44 min,9 h 46 min,9 h 48 min,9 h 50 min,9 h 52 min,9 h 54 min,9 h 56 min,9 h 58 min,10 h ,10 h 2 min,10 h 4 min,10 h 6 min,10 h 8 min,10 h 10 min,10 h 12 min,10 h 14 min,10 h 16 min,10 h 18 min,10 h 20 min,10 h 22 min,10 h 24 min,10 h 26 min,10 h 28 min,10 h 30 min,10 h 32 min,10 h 34 min,10 h 36 min,10 h 38 min,10 h 40 min,10 h 42 min,10 h 44 min,10 h 46 min,10 h 48 min,10 h 50 min,10 h 52 min,10 h 54 min,10 h 56 min,10 h 58 min,11 h ,11 h 2 min,11 h 4 min,11 h 6 min,11 h 8 min,11 h 10 min,11 h 12 min,11 h 14 min,11 h 16 min,11 h 18 min,11 h 20 min,11 h 22 min,11 h 24 min,11 h 26 min,11 h 28 min,11 h 30 min,11 h 32 min,11 h 34 min,11 h 36 min,11 h 38 min,11 h 40 min,11 h 42 min,11 h 44 min,11 h 46 min,11 h 48 min,11 h 50 min,11 h 52 min,11 h 54 min,11 h 56 min,11 h 58 min,0 h ,0 h 2 min,0 h 4 min,0 h 6 min,0 h 8 min,0 h 10 min,0 h 12 min,0 h 14 min,0 h 16 min,0 h 18 min,0 h 20 min,0 h 22 min,0 h 24 min,0 h 26 min,0 h 28 min,0 h 30 min,0 h 32 min,0 h 34 min,0 h 36 min,0 h 38 min,0 h 40 min,0 h 42 min,0 h 44 min,0 h 46 min,0 h 48 min,0 h 50 min,0 h 52 min,0 h 54 min,0 h 56 min,0 h 58 min,1 h ,1 h 2 min,1 h 4 min,1 h 6 min,1 h 8 min,1 h 10 min,1 h 12 min,1 h 14 min,1 h 16 min,1 h 18 min,1 h 20 min,1 h 22 min,1 h 24 min,1 h 26 min,1 h 28 min,1 h 30 min,1 h 32 min,1 h 34 min,1 h 36 min,1 h 38 min,1 h 40 min,1 h 42 min,1 h 44 min,1 h 46 min,1 h 48 min,1 h 50 min,1 h 52 min,1 h 54 min,1 h 56 min,1 h 58 min,2 h ,2 h 2 min,2 h 4 min,2 h 6 min,2 h 8 min,2 h 10 min,2 h 12 min,2 h 14 min,2 h 16 min,2 h 18 min,2 h 20 min,2 h 22 min,2 h 24 min,2 h 26 min,2 h 28 min,2 h 30 min,2 h 32 min,2 h 34 min,2 h 36 min,2 h 38 min,2 h 40 min,2 h 42 min,2 h 44 min,2 h 46 min,2 h 48 min,2 h 50 min,2 h 52 min,2 h 54 min,2 h 56 min,2 h 58 min,3 h ,3 h 2 min,3 h 4 min,3 h 6 min,3 h 8 min,3 h 10 min,3 h 12 min,3 h 14 min,3 h 16 min,3 h 18 min,3 h 20 min,3 h 22 min,3 h 24 min,3 h 26 min,3 h 28 min,3 h 30 min,3 h 32 min,3 h 34 min,3 h 36 min,3 h 38 min,3 h 40 min,3 h 42 min,3 h 44 min,3 h 46 min,3 h 48 min,3 h 50 min,3 h 52 min,3 h 54 min,3 h 56 min,3 h 58 min,4 h ,4 h 2 min,4 h 4 min,4 h 6 min,4 h 8 min,4 h 10 min,4 h 12 min,4 h 14 min,4 h 16 min,4 h 18 min,4 h 20 min,4 h 22 min,4 h 24 min,4 h 26 min,4 h 28 min,4 h 30 min,4 h 32 min,4 h 34 min,4 h 36 min,4 h 38 min,4 h 40 min,4 h 42 min,4 h 44 min,4 h 46 min,4 h 48 min,4 h 50 min,4 h 52 min,4 h 54 min,4 h 56 min,4 h 58 min,5 h ,5 h 2 min,5 h 4 min,5 h 6 min,5 h 8 min,5 h 10 min,5 h 12 min,5 h 14 min,5 h 16 min,5 h 18 min,5 h 20 min,5 h 22 min,5 h 24 min,5 h 26 min,5 h 28 min,5 h 30 min,5 h 32 min,5 h 34 min,5 h 36 min,5 h 38 min,5 h 40 min,5 h 42 min,5 h 44 min,5 h 46 min,5 h 48 min,5 h 50 min,5 h 52 min,5 h 54 min,5 h 56 min,5 h 58 min,6 h ,6 h 2 min,6 h 4 min,6 h 6 min,6 h 8 min,6 h 10 min,6 h 12 min,6 h 14 min,6 h 16 min,6 h 18 min,6 h 20 min,6 h 22 min,6 h 24 min,6 h 26 min,6 h 28 min,6 h 30 min,6 h 32 min,6 h 34 min,6 h 36 min,6 h 38 min,6 h 40 min,6 h 42 min,6 h 44 min,6 h 46 min,6 h 48 min,6 h 50 min,6 h 52 min,6 h 54 min,6 h 56 min,6 h 58 min,7 h ,7 h 2 min,7 h 4 min,7 h 6 min,7 h 8 min,7 h 10 min,7 h 12 min,7 h 14 min,7 h 16 min,7 h 18 min,7 h 20 min,7 h 22 min,7 h 24 min,7 h 26 min,7 h 28 min,7 h 30 min,7 h 32 min,7 h 34 min,7 h 36 min,7 h 38 min,7 h 40 min,7 h 42 min,7 h 44 min,7 h 46 min,7 h 48 min,7 h 50 min,7 h 52 min,7 h 54 min,7 h 56 min,7 h 58 min,8 h ,8 h 2 min,8 h 4 min,8 h 6 min,8 h 8 min,8 h 10 min,8 h 12 min,8 h 14 min,8 h 16 min,8 h 18 min,8 h 20 min,8 h 22 min,8 h 24 min,8 h 26 min,8 h 28 min,8 h 30 min,8 h 32 min,8 h 34 min,8 h 36 min,8 h 38 min,8 h 40 min,8 h 42 min,8 h 44 min,8 h 46 min,8 h 48 min,8 h 50 min,8 h 52 min,8 h 54 min,8 h 56 min,8 h 58 min,9 h ,9 h 2 min,9 h 4 min,9 h 6 min,9 h 8 min,9 h 10 min,9 h 12 min,9 h 14 min,9 h 16 min,9 h 18 min,9 h 20 min,9 h 22 min,9 h 24 min,9 h 26 min,9 h 28 min,9 h 30 min,9 h 32 min,9 h 34 min,9 h 36 min,9 h 38 min,9 h 40 min,9 h 42 min,9 h 44 min,9 h 46 min,9 h 48 min,9 h 50 min,9 h 52 min,9 h 54 min,9 h 56 min,9 h 58 min,10 h ,10 h 2 min,10 h 4 min,10 h 6 min,10 h 8 min,10 h 10 min,10 h 12 min,10 h 14 min,10 h 16 min,10 h 18 min,10 h 20 min,10 h 22 min,10 h 24 min,10 h 26 min,10 h 28 min,10 h 30 min,10 h 32 min,10 h 34 min,10 h 36 min,10 h 38 min,10 h 40 min,10 h 42 min,10 h 44 min,10 h 46 min,10 h 48 min,10 h 50 min,10 h 52 min,10 h 54 min,10 h 56 min,10 h 58 min,11 h ,11 h 2 min,11 h 4 min,11 h 6 min,11 h 8 min,11 h 10 min,11 h 12 min,11 h 14 min,11 h 16 min,11 h 18 min,11 h 20 min,11 h 22 min,11 h 24 min,11 h 26 min,11 h 28 min,11 h 30 min,11 h 32 min,11 h 34 min,11 h 36 min,11 h 38 min,11 h 40 min,11 h 42 min,11 h 44 min,11 h 46 min,11 h 48 min,11 h 50 min,11 h 52 min,11 h 54 min,11 h 56 min,11 h 58 min
F03,Sample X1,74,80,72,72,73,72,73,73,73,72,74,73,73,73,72,72,72,75,75,75,78,78,80,83,84,82,83,85,86,86,89,89,91,90,93,93,96,97,97,98,102,101,104,100,108,107,108,112,114,116,119,122,122,124,126,128,131,131,132,136,138,141,141,142,144,147,149,151,150,153,156,156,158,159,158,159,162,165,165,166,167,171,171,172,174,178,175,178,179,182,181,185,185,188,187,190,189,192,190,193,195,197,196,196,200,202,201,203,204,204,206,209,209,212,211,212,213,216,215,217,216,217,219,221,222,222,222,225,225,227,229,228,231,229,232,232,233,235,236,238,236,241,239,241,239,243,242,243,245,246,249,246,246,246,250,248,251,252,254,252,254,254,255,260,258,257,256,258,259,260,262,262,265,266,267,268,266,268,268,268,269,270,271,270,273,272,274,275,274,275,276,278,277,279,278,278,281,280,284,281,282,284,285,285,285,286,286,288,287,289,288,291,290,292,292,291,294,293,295,295,294,295,297,297,297,298,299,300,299,301,301,302,302,303,305,305,304,307,307,306,310,308,308,308,311,312,315,311,316,314,314,316,316,319,323,319,321,325,322,323,322,326,330,329,327,329,330,332,330,334,333,335,336,338,337,340,342,342,343,343,344,345,345,346,346,346,346,345,350,350,351,353,353,352,356,354,355,355,358,358,356,361,358,362,361,357,363,364,366,366,370,369,366,368,369,370,370,370,373,373,378,376,375,378,375,377,378,381,381,380,380,383,383,386,386,387,387,387,389,388,391,390,393,392,392,393,395,395,393,397,394,396,400,401,401,398,404,404,402,404,2746,2786,2741,2755,2732,2752,2731,2786,2724,2722,2718,2714,2693,2692,2714,2740,2749,2784,2825,2913,2921,2989,3051,3091,3126,3198,3248,3318,3341,3426,3492,3540,3555,3636,3713,3775,3792,3839,3940,3994,4071,4152,4192,4320,4396,4429,4572,4655,4734,4792,4878,4970,5065,5245,5282,5406,5418,5535,5635,5757,5853,5907,5996,6139,6214,6245,6351,6451,6504,6603,6671,6710,6786,6878,6899,6972,7109,7172,7140,7343,7309,7452,7443,7529,7612,7613,7697,7825,7844,7906,7967,8086,8119,8210,8241,8261,8223,8465,8461,8515,8603,8654,8733,8740,8905,8911,9009,9069,9064,9181,9200,9217,9314,9412,9329,9449,9490,9557,9631,9661,9736,9765,9822,9860,9973,9951,9974,10096,10134,10114,10187,10183,10333,10360,10409,10375,10485,10508,10629,10652,10608,10766,10712,10780,10823,10830,10855,10898,10975,10979,11077,11077,11208,11211,11248,11232,11273,11309,11318,11407,11438,11509,11528,11567,11615,11560,11620,11671,11704,11817,11794,11866,11910,11932,11942,11905,12028,12087,12069,12139,12090,12235,12226,12235,12272,12382,12378,12395,12469,12494,12466,12551,12591,12625,12643,12722,12651,12687,12785,12812,12883,12812,12896,13015,12987,12979,13053,13050,13190,13182,13187,13222,13298,13298,13383,13392,13415,13507,13448,13552,13568,13610,13560,13631,13655,13678,13809,13799,13841,13878,13914,13868,13986,13912,13970,14107,14152,14157,14198,14272,14192,14228,14284,14358,14373,14538,14467,14514,14560,14607,14622,14630,14725,14733,14789,14872,14923,14936,14993,15044,15019,15154,15177,15185,15330,15336,15350,15516,15478,15514,15472,15586,15622,15774,15665,15711,15748,15903,15855,15847,15970,16035,16024,16033,16064,16088,16081,16289,16254,16282,16365,16317,16318,16388,16400,16437,16484,16552,16601,16673,16702,16734,16781,16787,16831,16812,16917,16945,16983,16967,16957,17164,17110,17132,17169,17166,17253,17353,17287,17474,17456,17490,17516,17589,17597,17580,17665,17664,17723,17716,17734,17912,17939,17928,17909,18061,18019,18098,18100,18057,18110,18170,18289,18249,18384,18333,18376,18480,18404,18501,18481,18488,18590,18581,18687,18630,18662,18689,18803,18772
F05,Sample X2,75,77,74,73,77,73,74,73,75,72,73,74,73,74,74,72,76,75,78,77,79,81,81,85,83,85,86,86,86,90,90,93,93,94,95,97,97,99,99,101,103,106,107,106,110,112,114,118,118,120,126,125,128,130,133,135,138,140,141,142,146,146,147,149,153,153,155,157,160,162,166,166,167,169,171,169,172,175,176,177,179,181,182,182,186,187,189,190,189,193,192,196,197,196,199,198,199,201,201,205,208,205,208,208,210,210,212,215,213,216,216,218,219,220,223,223,222,223,221,227,227,229,228,230,230,231,232,237,233,237,237,237,238,241,240,241,241,244,245,249,245,249,249,251,250,251,252,254,253,253,254,256,256,258,259,258,260,261,260,263,263,265,265,266,266,269,269,270,270,271,271,271,271,274,273,274,275,277,277,277,279,280,277,280,284,282,281,283,285,283,283,286,286,285,288,287,288,288,290,289,290,290,290,291,293,291,291,294,294,294,295,297,297,296,297,297,297,299,298,300,298,300,302,301,301,302,302,303,306,306,305,307,304,307,309,308,307,308,308,308,309,310,310,311,311,314,315,314,314,316,314,315,315,316,319,317,320,321,320,319,320,322,323,321,324,324,327,326,327,329,328,327,328,330,328,330,333,330,330,332,334,334,332,332,336,335,337,335,337,337,339,340,338,342,339,341,340,342,342,344,345,346,348,346,348,346,347,348,352,350,350,350,351,353,350,356,353,354,357,354,357,358,362,359,362,356,360,359,359,361,365,364,362,365,364,364,366,366,367,366,366,370,370,368,370,371,370,373,374,375,374,374,375,374,376,377,375,377,378,379,2786,2832,2803,2827,2832,2800,2822,2801,2797,2772,2769,2747,2781,2737,2821,2779,2831,2879,2909,2955,3008,3044,3084,3161,3210,3299,3334,3394,3481,3516,3566,3642,3648,3793,3809,3865,3972,4035,4086,4177,4258,4325,4392,4485,4584,4615,4757,4850,4957,5032,5144,5238,5375,5489,5612,5666,5731,5873,5959,6098,6177,6247,6317,6477,6542,6669,6751,6825,6948,7018,7141,7180,7216,7328,7377,7517,7561,7635,7692,7801,7810,7944,8010,8020,8110,8171,8244,8295,8370,8427,8395,8549,8608,8701,8711,8810,8781,9007,8970,9028,9053,9083,9197,9260,9362,9410,9473,9458,9527,9578,9622,9723,9751,9799,9869,9899,9844,9932,10052,10072,10074,10201,10202,10273,10291,10375,10404,10480,10538,10524,10608,10673,10713,10756,10846,10877,10850,10987,11008,11084,11147,11152,11109,11222,11247,11280,11321,11370,11429,11516,11409,11556,11628,11646,11643,11733,11738,11714,11822,11888,11915,11966,11948,11971,12066,12085,12063,12163,12138,12229,12201,12229,12325,12323,12387,12441,12468,12491,12511,12599,12460,12684,12708,12696,12635,12735,12798,12758,12784,12870,12846,12954,12900,12977,13047,13013,13148,13125,13156,13165,13213,13247,13233,13340,13297,13328,13350,13408,13438,13493,13488,13527,13627,13651,13655,13686,13714,13709,13678,13809,13772,13856,13800,13857,13895,13961,13946,14028,14023,14073,14128,14168,14258,14119,14219,14211,14224,14310,14303,14307,14353,14328,14441,14475,14405,14516,14476,14511,14586,14569,14659,14595,14652,14712,14782,14787,14770,14793,14788,14853,14848,14929,14888,14998,14995,15067,15042,15100,14989,15144,15204,15135,15204,15276,15323,15270,15318,15370,15345,15400,15457,15487,15461,15540,15543,15536,15636,15576,15679,15694,15730,15741,15832,15825,15889,15849,15893,15899,15910,15947,16026,16028,16094,16103,16198,16194,16126,16260,16156,16308,16282,16375,16299,16444,16344,16422,16408,16468,16491,16537,16571,16612,16622,16641,16812,16733,16794,16782,16887,16935,16951,16985,16884,16942,17014,17005,17062,17121,17048,17161,17157,17158,17146,17174,17239,17197,17255,17351,17337,17386,17452,17424,17484,17531,17483,17489,17566,17627,17615,17609
F07,Sample X3,77,75,76,75,78,75,78,77,76,78,78,78,77,76,77,78,79,81,78,82,82,82,85,88,89,90,91,93,95,95,98,98,102,102,104,106,109,110,113,113,117,119,122,123,122,126,128,132,138,139,144,145,146,152,154,160,163,165,169,170,174,178,181,185,189,192,194,197,198,204,206,210,212,216,219,219,223,227,228,231,234,237,241,245,244,249,249,255,256,259,262,262,266,269,269,274,276,277,280,282,285,286,290,287,292,294,295,298,298,300,302,302,305,305,308,312,310,314,315,320,319,320,322,324,326,326,328,331,331,332,337,339,340,341,340,345,346,346,346,351,349,354,352,356,356,357,358,360,363,364,363,366,368,368,372,372,375,377,378,380,380,382,382,385,386,384,391,389,391,389,393,393,395,397,400,398,401,402,402,403,404,404,406,408,410,409,409,412,414,413,416,417,418,418,419,422,421,421,424,424,427,429,429,431,428,432,435,437,437,436,437,441,441,443,442,443,445,445,449,450,449,450,449,449,454,453,452,453,454,457,458,458,459,457,461,463,464,464,465,464,466,467,469,468,470,471,474,474,475,475,475,478,478,482,479,485,483,484,485,486,486,489,488,492,490,491,496,496,493,498,498,500,504,505,502,506,504,510,510,508,508,513,512,511,513,514,516,516,517,517,519,520,523,521,519,521,523,524,530,528,531,529,530,529,532,531,531,532,536,536,538,539,540,539,539,542,541,544,543,543,542,548,548,551,550,549,549,549,550,551,555,557,554,556,555,558,558,558,560,560,560,564,564,560,566,562,567,565,570,569,570,569,572,575,576,574,571,575,576,576,2930,2922,2968,2965,2923,2943,2948,2915,2891,2918,2904,2922,2873,2917,2964,2986,3021,3041,3120,3152,3198,3291,3349,3451,3540,3562,3655,3708,3812,3869,3940,4011,4096,4171,4270,4316,4422,4532,4628,4759,4782,4949,5030,5125,5260,5368,5465,5635,5783,5941,6048,6166,6387,6534,6689,6798,6997,7130,7337,7455,7628,7816,8039,8090,8250,8384,8571,8689,8888,9001,9136,9368,9476,9578,9703,9902,9999,10132,10211,10393,10461,10662,10820,10898,10975,11146,11252,11344,11506,11547,11700,11859,11978,12037,12243,12268,12425,12597,12683,12804,12939,12990,13217,13322,13339,13509,13625,13654,13753,13926,13992,14074,14148,14245,14334,14361,14429,14466,14638,14685,14786,14918,14926,14982,15082,15085,15327,15336,15335,15452,15584,15561,15653,15768,15867,15929,16032,16071,16135,16245,16205,16356,16363,16364,16593,16568,16668,16689,16864,16826,16979,17006,17219,17106,17258,17288,17442,17452,17549,17604,17662,17752,17826,17920,17936,18050,18009,18066,18131,18181,18343,18355,18392,18402,18501,18630,18520,18640,18784,18745,18767,18867,18948,18935,19129,19099,19220,19219,19302,19393,19443,19549,19489,19646,19647,19691,19640,19830,19792,19814,19859,20028,20076,20094,20130,20165,20190,20323,20353,20396,20539,20557,20482,20618,20608,20718,20685,20822,20893,20871,20989,21072,21010,21073,21104,21107,21192,21236,21322,21426,21516,21485,21453,21514,21620,21732,21659,21784,21738,21900,21771,21969,21940,21919,21945,22108,22243,22189,22230,22288,22329,22316,22516,22493,22602,22533,22688,22765,22688,22946,22925,22981,22881,22997,22991,23133,23149,23212,23202,23198,23375,23371,23576,23539,23605,23676,23678,23699,23786,23874,23894,23902,24015,24088,24027,24104,24111,24207,24219,24360,24329,24444,24483,24474,24513,24538,24602,24663,24620,24788,24752,24797,24894,25019,25004,25085,25167,25105,25125,25228,25268,25238,25228,25400,25367,25386,25406,25556,25573,25538,25672,25777,25787,25810,25903,25965,25919,25924,25975,26028,26188,26157,26126,26180,26268,26305,26107,26339,26500,26338,26551,26501,26436,26677,26647,26714,26724,26685,26676,26834,26876,26887,26929,27099,27011,26934,27099,27161,27199,27414
F09,Sample X4,75,76,75,78,76,75,75,74,75,74,73,74,76,75,73,76,78,77,80,78,80,81,82,85,86,88,90,92,92,94,94,97,98,98,100,103,103,106,106,112,115,115,117,120,122,125,128,130,134,136,141,141,145,149,153,157,160,164,168,172,179,178,182,188,190,194,195,204,203,207,212,216,220,226,227,231,233,236,240,244,248,252,254,255,260,263,266,272,272,272,279,281,281,284,290,290,294,294,301,300,305,307,308,312,315,316,318,322,324,324,325,330,332,333,335,337,338,341,343,347,347,348,354,353,353,352,356,356,362,366,365,366,370,369,372,375,373,376,378,381,381,382,384,383,383,389,389,391,393,395,394,398,397,400,401,400,403,405,405,406,407,407,408,409,410,412,411,413,418,421,420,419,418,424,423,424,424,430,428,431,432,430,432,432,436,437,435,439,439,438,442,442,440,444,446,443,444,448,452,448,450,450,452,452,452,458,456,458,457,459,462,462,466,464,465,468,465,465,467,469,468,467,470,470,472,471,470,478,479,476,479,480,478,479,480,480,484,486,482,487,485,487,487,488,488,492,490,489,494,494,492,494,495,498,499,499,502,502,502,501,504,504,506,507,505,507,510,509,512,508,515,513,517,517,517,517,519,520,520,519,520,520,523,524,528,523,528,524,529,527,531,531,531,531,532,533,533,534,536,538,538,538,541,537,539,540,539,542,544,543,542,544,546,548,546,548,548,549,548,548,551,551,553,553,554,556,555,556,555,557,558,560,557,559,560,559,562,562,560,563,565,568,565,563,566,568,570,568,570,572,576,572,574,576,573,576,574,576,576,576,2872,2889,2914,2874,2907,2872,2874,2860,2863,2837,2844,2842,2824,2826,2894,2889,2922,2970,2962,3054,3085,3190,3212,3289,3372,3408,3492,3591,3657,3701,3759,3876,3897,3993,4049,4190,4248,4383,4472,4570,4666,4797,4863,5012,5107,5230,5359,5515,5675,5843,5969,6089,6320,6462,6610,6796,6961,7123,7316,7521,7694,7914,7969,8176,8360,8595,8779,8925,9184,9266,9463,9559,9726,9969,10092,10322,10408,10623,10773,10949,11028,11320,11351,11539,11723,11907,11995,12158,12308,12497,12527,12741,12811,13040,13186,13305,13397,13607,13699,13919,14006,14178,14363,14483,14529,14672,14808,14847,14879,15102,15176,15227,15298,15459,15535,15680,15721,15804,15922,16018,16112,16251,16210,16400,16548,16515,16634,16637,16780,16849,17039,17027,17189,17137,17323,17422,17491,17576,17625,17566,17775,17829,17926,17903,17984,18016,18134,18189,18274,18280,18433,18514,18551,18641,18628,18655,18705,18894,18913,18974,19073,19032,19114,19185,19319,19324,19373,19327,19485,19558,19569,19674,19708,19662,19764,19903,19888,19924,19970,20080,20049,20126,20178,20239,20348,20410,20409,20457,20512,20555,20553,20588,20701,20776,20750,20863,20882,20974,20939,21122,20962,21077,21259,21096,21172,21187,21384,21386,21500,21438,21565,21718,21592,21670,21698,21794,21800,21862,21825,21868,21955,21997,22104,22061,22119,22132,22175,22202,22293,22310,22311,22421,22422,22542,22595,22515,22600,22761,22742,22718,22835,22788,22865,22908,22890,23082,23031,23123,23088,23049,23155,23202,23335,23386,23414,23484,23598,23551,23517,23654,23666,23697,23716,23751,23943,23892,23905,23930,24029,24121,24075,24092,24159,24149,24277,24299,24387,24392,24394,24490,24528,24535,24760,24685,24607,24766,24707,24775,24698,24964,24795,25013,24995,24949,25028,25120,25087,25172,25155,25234,25246,25361,25395,25328,25411,25452,25412,25596,25590,25537,25639,25627,25746,25701,25790,25803,25846,25978,26007,25915,26029,26000,26083,26177,26175,26218,26214,26308,26213,26146,26298,26444,26346,26496,26442,26434,26431,26467,26643,26589,26643,26688,26689,26817,26836,26731,26873,26818,26831,26856,27044,26985,26992,27233,27127,27115,27173,27160,27188,27208
F11,Sample X5,74,78,76,77,74,75,76,77,75,75,73,76,76,76,75,75,76,78,81,80,80,82,83,86,86,88,90,90,93,95,96,98,99,100,102,103,105,107,107,110,115,114,117,117,121,120,122,125,128,131,137,138,141,144,145,151,153,155,159,163,168,171,172,177,180,186,188,193,194,198,201,205,209,212,213,218,221,224,227,230,233,237,237,240,246,249,252,254,255,258,262,264,265,269,275,275,277,279,283,284,286,288,291,290,293,293,298,296,296,302,301,304,306,304,308,311,310,312,311,316,317,317,317,319,322,324,327,328,329,332,331,335,336,340,339,338,343,340,343,347,345,347,351,351,351,355,357,355,356,358,360,362,363,364,366,367,368,370,369,373,373,373,378,379,377,381,377,383,384,387,384,385,389,386,391,392,394,394,394,396,397,399,399,397,400,401,402,403,405,408,408,407,410,411,409,413,414,417,415,417,419,419,424,420,424,425,424,426,429,429,428,432,432,434,434,437,435,437,440,439,439,439,441,443,446,447,445,448,452,450,450,452,451,454,454,456,456,455,458,456,460,461,461,464,464,463,464,466,468,466,469,471,470,474,475,475,473,478,477,477,481,481,483,486,480,483,489,487,489,486,490,491,493,491,496,495,496,499,500,502,499,504,503,504,502,504,506,509,508,508,512,514,514,517,515,517,516,520,523,524,527,525,525,531,525,531,529,532,536,533,536,538,541,538,538,541,542,543,545,544,550,549,549,549,550,550,548,553,551,556,554,560,554,558,561,559,563,560,567,567,564,564,567,569,570,573,572,574,576,577,574,577,579,580,581,584,582,582,587,588,2804,2884,2887,2875,2877,2863,2878,2884,2856,2829,2850,2856,2847,2851,2903,2918,2957,2951,3003,3099,3119,3199,3235,3350,3396,3445,3510,3625,3674,3723,3820,3874,3952,4007,4094,4178,4291,4364,4419,4546,4620,4710,4822,4930,5020,5115,5201,5348,5476,5603,5690,5861,5916,6172,6303,6436,6585,6785,6934,7105,7212,7438,7594,7702,7866,8024,8271,8448,8537,8738,8895,9064,9245,9368,9587,9801,9831,9972,10201,10316,10434,10559,10763,10882,10996,11126,11236,11352,11494,11583,11745,11879,12065,12172,12253,12319,12479,12708,12775,12888,12994,13141,13260,13326,13400,13478,13564,13616,13688,13850,13858,13977,14035,14060,14183,14246,14300,14496,14506,14592,14604,14728,14784,14883,14862,14947,15072,15156,15228,15374,15389,15544,15531,15588,15723,15773,15835,15873,15957,16088,16055,16086,16114,16346,16381,16334,16452,16551,16603,16721,16680,16870,16921,16940,16955,17109,17095,17204,17215,17268,17341,17407,17546,17526,17564,17597,17671,17788,17782,17783,17915,18010,17954,18044,18106,18278,18280,18258,18351,18376,18373,18532,18547,18659,18687,18811,18772,18882,18898,18969,19004,19066,19063,19150,19157,19321,19353,19430,19420,19471,19479,19651,19638,19737,19786,19752,19805,19967,20053,19996,20106,20071,20237,20279,20266,20385,20437,20494,20470,20490,20652,20615,20613,20749,20840,20704,20854,20765,20990,21055,21031,21123,21171,21165,21232,21260,21380,21326,21492,21560,21533,21592,21553,21631,21637,21765,21768,21899,21888,21909,21953,22104,22171,22180,22314,22259,22336,22381,22305,22433,22508,22444,22594,22584,22704,22716,22776,22792,22895,23009,23016,22938,23090,23164,23342,23355,23337,23269,23272,23530,23518,23554,23645,23621,23713,23814,23926,23904,24024,23923,23988,24120,24204,24190,24252,24292,24371,24519,24462,24549,24576,24829,24803,24863,24973,24844,24942,25080,25092,25090,25159,25134,25280,25369,25400,25463,25429,25596,25628,25666,25656,25790,25847,25962,25924,25924,25999,26093,26013,26187,26265,26316,26288,26247,26440,26497,26548,26511,26555,26623,26699,26761,26847,26770,26956,26807,26948,27082,27141,27196,27256,27311,27333,27320,27379,27530,27585,27531,27589,27696
F13,Sample X6,77,76,76,74,76,75,75,77,77,73,75,76,76,76,75,78,78,78,78,78,82,83,85,87,86,90,90,93,95,98,97,101,100,103,106,108,108,111,114,115,118,120,124,124,130,129,132,137,138,143,146,150,155,158,160,165,168,171,176,182,186,188,191,198,202,205,210,216,220,223,228,233,235,239,244,248,251,253,258,263,266,271,274,276,281,284,287,288,293,294,298,303,306,308,307,318,317,321,324,324,331,333,335,340,338,341,348,350,351,353,354,357,358,359,364,364,369,367,366,373,374,374,380,379,384,381,384,389,388,389,392,396,398,396,400,400,402,403,406,408,412,412,413,412,414,416,416,421,423,423,424,426,429,427,427,429,433,433,435,436,439,437,443,442,440,445,446,446,448,450,450,451,454,454,455,457,456,457,461,461,460,463,467,464,466,468,468,468,474,471,475,475,476,477,477,478,481,478,482,480,484,483,487,488,490,487,488,492,491,493,496,495,496,497,498,497,499,500,504,500,504,502,505,505,509,506,509,513,511,509,512,514,514,515,515,515,518,520,518,519,521,521,526,522,522,527,525,526,528,525,529,528,532,533,533,532,533,536,535,538,538,540,539,541,545,544,543,544,545,542,547,551,551,551,551,550,552,556,555,556,555,559,558,561,559,562,560,560,563,562,565,565,564,564,571,567,572,570,572,576,574,579,578,578,578,577,579,581,584,586,587,584,584,588,585,589,586,588,593,588,594,594,596,598,598,599,597,600,598,600,600,604,602,606,605,607,608,607,604,611,606,609,609,609,612,614,611,615,619,618,618,623,620,618,623,622,621,628,624,624,2862,2843,2895,2898,2926,2887,2892,2897,2887,2902,2908,2893,2864,2911,2885,2925,2944,3018,3064,3120,3133,3222,3315,3389,3440,3571,3632,3707,3774,3879,3978,4062,4094,4219,4295,4377,4477,4571,4698,4817,4881,5043,5119,5208,5371,5539,5603,5819,5942,6139,6309,6379,6587,6769,6973,7167,7298,7526,7749,7849,8116,8342,8505,8722,8891,9170,9405,9478,9743,9937,10095,10311,10602,10827,10916,11159,11278,11476,11600,11892,11983,12166,12345,12512,12769,12848,13046,13180,13358,13577,13720,13936,13973,14200,14323,14526,14533,14815,14958,15090,15191,15421,15545,15625,15802,15858,15995,16099,16209,16345,16415,16489,16563,16760,16842,16920,17023,17128,17200,17265,17403,17456,17547,17710,17752,17740,17896,17969,18110,18210,18233,18334,18405,18551,18545,18695,18825,18837,18886,19079,18964,19199,19250,19243,19326,19487,19411,19579,19646,19616,19799,19866,19839,20022,20075,20028,20127,20262,20370,20304,20449,20571,20616,20568,20722,20770,20838,20841,20973,20939,21033,21067,21234,21188,21237,21376,21344,21323,21469,21542,21628,21648,21705,21769,21810,21891,21999,22034,22019,22057,22090,22191,22225,22296,22272,22568,22439,22400,22544,22562,22607,22676,22715,22843,22877,22830,22889,22967,22900,23078,23266,23155,23188,23270,23394,23372,23434,23500,23571,23536,23724,23588,23761,23789,23811,23805,23874,23869,24024,24126,24083,24092,24130,24138,24220,24313,24143,24399,24283,24363,24398,24518,24569,24627,24724,24682,24770,24799,24803,24779,24833,24940,25020,24986,25001,25114,25080,25143,25130,25277,25254,25347,25373,25516,25490,25486,25590,25657,25682,25790,25788,25775,25955,25859,25890,25959,26067,26111,26153,26254,26100,26251,26344,26366,26420,26457,26408,26452,26542,26529,26521,26632,26691,26825,26719,26876,26899,26936,26956,27176,27100,27163,27224,27278,27314,27212,27420,27500,27652,27563,27580,27606,27558,27672,27724,27740,27709,27823,27899,27963,28029,28051,28138,28131,28195,28283,28179,28359,28223,28450,28487,28476,28435,28528,28599,28542,28789,28694,28801,28766,28807,28995,28794,28974,28891,28997,29153,29086,29095,29176,29230,29212,29158,29271,29289,29332,29550,29314,29520,29559
F15,Sample X7,75,74,74,73,75,75,74,74,74,74,73,75,76,74,76,74,77,74,78,78,80,82,83,85,84,86,89,90,91,92,94,99,97,99,98,103,104,106,108,110,113,112,116,120,120,122,126,130,135,136,140,140,145,149,150,154,158,164,166,169,174,175,179,182,189,191,195,199,203,206,209,211,216,221,226,225,229,231,236,238,244,245,249,252,256,257,261,265,266,269,270,277,278,280,283,286,287,289,292,292,296,298,300,304,305,304,309,310,312,313,317,318,322,320,325,328,326,330,329,333,333,334,337,339,340,342,347,343,348,349,351,355,355,354,356,359,362,365,365,368,368,369,371,372,374,375,374,378,378,382,380,384,386,384,385,388,390,392,394,391,398,396,398,398,401,405,402,403,405,407,407,410,410,412,413,413,415,415,417,417,418,423,422,423,422,430,426,428,428,431,430,431,432,432,433,434,438,437,440,441,439,441,444,444,445,446,449,451,453,451,455,454,456,459,458,455,459,462,458,463,462,462,466,467,465,467,471,470,472,474,469,473,476,473,474,478,479,484,482,480,483,482,483,484,486,487,488,489,486,491,488,492,494,492,496,496,497,498,499,504,501,505,505,504,505,508,507,507,510,514,513,515,515,518,517,519,519,518,519,518,521,522,522,524,527,528,525,529,531,528,535,532,537,534,534,536,535,537,542,539,540,542,542,543,544,546,545,550,549,548,549,551,547,552,552,553,555,552,556,556,558,556,560,563,559,559,564,564,565,565,567,565,570,566,568,571,574,573,574,571,573,574,577,576,579,578,580,579,582,582,583,586,583,589,587,584,589,588,591,590,2792,2760,2831,2832,2817,2806,2820,2816,2793,2806,2805,2801,2820,2824,2817,2860,2874,2899,2974,3010,3059,3171,3229,3299,3337,3440,3507,3590,3635,3726,3817,3902,3956,4004,4113,4180,4260,4385,4476,4556,4670,4776,4844,4953,5059,5243,5411,5490,5593,5766,5918,6074,6249,6345,6565,6766,6910,7050,7298,7392,7657,7715,7995,8143,8270,8456,8618,8867,8984,9149,9289,9437,9676,9848,9947,10165,10329,10420,10574,10786,10839,11070,11109,11376,11444,11568,11708,11945,12027,12097,12296,12390,12553,12710,12818,12953,13146,13290,13431,13533,13662,13744,13874,13937,14086,14185,14221,14327,14446,14582,14719,14814,14824,14856,14979,15070,15192,15226,15360,15366,15409,15496,15645,15779,15860,15820,15880,16069,16156,16196,16277,16381,16478,16502,16651,16680,16804,16899,16909,17001,16957,17178,17126,17339,17312,17384,17374,17475,17560,17659,17842,17805,17825,17924,17999,18085,18136,18230,18298,18353,18474,18477,18572,18603,18607,18646,18810,18781,18852,18991,18981,19009,19113,19098,19286,19335,19337,19301,19449,19525,19566,19583,19640,19736,19734,19912,19938,19959,20012,20051,20124,20139,20228,20302,20288,20467,20463,20448,20623,20576,20753,20722,20729,20733,20886,20880,20958,21064,21128,21020,21120,21159,21236,21354,21409,21391,21506,21482,21673,21738,21692,21653,21703,21818,21820,21912,21919,22015,22028,22133,22162,22156,22211,22374,22284,22269,22414,22469,22483,22603,22490,22620,22649,22661,22723,22880,22770,22943,23014,22994,22986,23097,23104,23344,23183,23314,23347,23430,23556,23476,23625,23648,23616,23672,23801,23654,23941,23892,23833,23979,24044,24108,24233,24297,24230,24428,24438,24381,24439,24455,24586,24588,24787,24761,24760,24683,24873,24807,24895,24943,25057,24958,25061,25002,25176,25139,25260,25276,25147,25343,25516,25443,25469,25644,25526,25661,25874,25716,25764,25872,25988,25821,25947,25940,25942,26058,26212,26179,26260,26181,26304,26362,26353,26470,26474,26513,26621,26582,26581,26751,26806,26758,26830,26751,26893,26852,26882,27016,27020,27058,26979,27173,27097,27240,27274,27324,27263,27344,27392,27453,27534,27557,27595,27647,27602,27617,27709,27761,27869,27978
F17,Sample X8,74,73,75,72,73,74,74,76,73,74,73,75,75,72,76,74,75,76,78,79,80,83,82,86,86,88,89,90,92,93,93,94,98,98,101,101,104,106,108,110,113,113,114,117,118,121,125,126,132,134,134,140,140,143,147,151,153,154,159,162,163,170,169,172,175,179,180,185,186,188,194,194,196,198,201,203,205,209,209,215,215,220,220,221,224,229,231,233,235,235,240,241,240,245,246,247,250,253,258,256,261,261,262,265,268,267,269,273,276,278,277,280,284,283,284,284,288,289,287,287,288,292,291,293,294,297,298,298,298,302,299,302,304,304,306,307,308,309,313,312,312,316,315,318,317,319,321,321,323,323,325,325,328,328,328,328,329,329,332,334,335,337,334,337,339,338,337,340,339,340,343,344,347,346,348,351,349,350,351,350,351,355,355,355,356,357,359,358,357,361,362,362,365,367,366,368,369,370,371,371,374,376,376,376,376,378,380,381,380,382,384,383,383,386,387,389,389,391,391,390,389,394,392,395,396,393,399,398,400,398,404,405,404,406,405,403,407,406,407,409,409,408,410,410,415,414,416,417,414,417,415,418,417,417,421,422,420,425,423,426,425,425,424,428,428,431,432,434,436,433,432,435,435,440,441,440,444,441,443,445,444,447,447,446,446,446,449,452,452,451,452,456,456,453,454,455,456,458,459,460,458,462,460,460,461,465,465,468,468,468,467,468,471,468,468,470,469,476,473,474,479,475,478,477,479,478,477,482,481,481,481,485,483,484,483,488,488,484,486,488,487,488,489,489,492,491,493,493,495,493,495,498,496,497,501,501,502,500,500,499,2800,2873,2841,2837,2852,2849,2873,2846,2835,2822,2795,2807,2822,2827,2818,2866,2890,2935,2960,3016,3087,3172,3209,3318,3357,3418,3545,3546,3631,3700,3815,3852,3944,4009,4078,4175,4215,4312,4427,4527,4608,4701,4792,4926,4981,5113,5252,5375,5452,5636,5777,5916,6051,6183,6304,6478,6568,6706,6923,7067,7166,7248,7430,7610,7683,7830,7952,8084,8215,8299,8456,8580,8701,8816,8952,9096,9150,9220,9418,9511,9630,9706,9856,9954,10045,10165,10324,10322,10509,10601,10635,10779,10825,10997,11130,11274,11299,11413,11469,11640,11658,11792,11928,12068,12129,12211,12319,12343,12456,12566,12666,12666,12737,12839,12859,12966,12928,13012,13103,13206,13304,13360,13474,13387,13625,13507,13678,13724,13827,13913,13927,13951,14006,14040,14106,14177,14204,14341,14389,14483,14496,14592,14553,14580,14645,14668,14796,14826,14905,14932,15030,15094,15127,15120,15244,15316,15341,15392,15368,15476,15502,15656,15626,15623,15659,15668,15810,15920,15871,15958,15909,15948,15995,16063,16119,16134,16252,16298,16230,16329,16382,16399,16444,16464,16436,16535,16632,16638,16717,16729,16713,16853,16912,17038,17082,17138,17112,17149,17242,17304,17398,17419,17458,17410,17488,17633,17610,17675,17764,17768,17856,17814,17954,17968,18070,18143,18167,18185,18194,18216,18316,18324,18274,18356,18383,18467,18526,18638,18551,18542,18689,18782,18813,18817,18778,18912,18877,18928,19031,19050,19052,19161,19196,19249,19252,19306,19309,19438,19401,19420,19534,19463,19522,19557,19619,19679,19756,19782,19843,19915,19902,20050,19905,20066,20113,20108,20201,20258,20342,20316,20351,20442,20493,20594,20561,20580,20642,20734,20673,20788,20801,20854,20842,20962,20937,20986,20874,21081,21147,21202,21215,21147,21211,21223,21334,21352,21300,21468,21433,21545,21548,21667,21626,21641,21739,21791,21757,21820,21807,21845,21978,21958,21953,22050,22072,22000,22131,22223,22111,22234,22286,22345,22394,22389,22404,22481,22535,22542,22531,22599,22649,22614,22584,22738,22786,22746,22753,22923,22832,22927,23000,22977,22933,23018,23084,23124,23173,23169,23215,23235,23279,23362,23311,23381,23361,23343,23461,23435,23511,23564
F19,Sample X9,75,74,76,74,75,74,75,75,76,73,74,74,76,76,76,76,74,76,78,80,79,82,83,84,85,87,86,89,90,93,92,95,94,95,99,99,102,104,103,107,106,108,110,113,114,116,119,121,125,126,128,131,134,137,139,144,145,148,150,154,155,158,161,166,168,170,173,177,177,181,182,186,190,191,194,194,199,201,201,205,204,207,211,214,215,218,219,221,223,225,226,233,233,235,237,237,239,244,247,248,248,253,251,254,256,255,263,264,267,268,265,270,271,272,275,276,275,278,280,281,283,285,286,288,291,291,291,293,294,295,297,297,299,301,301,304,305,303,307,307,312,310,313,314,315,315,316,321,319,322,324,322,323,325,327,326,330,331,333,335,333,335,336,338,341,339,340,342,343,342,343,343,344,349,348,350,352,351,350,353,354,358,356,358,360,359,362,361,361,364,364,366,366,368,369,370,369,371,368,371,374,373,375,374,377,377,377,378,377,382,383,381,382,387,388,384,390,388,390,391,391,392,392,394,395,394,395,396,398,398,399,400,398,401,401,401,407,406,405,405,408,410,408,408,411,410,412,415,413,413,414,418,415,415,418,420,421,421,420,421,424,424,423,426,428,426,425,430,431,432,433,432,434,436,434,434,440,435,439,437,441,441,442,442,445,443,444,446,448,448,446,450,450,449,453,452,447,456,453,456,455,458,457,458,458,461,460,462,462,463,465,466,462,465,465,466,466,470,469,471,467,473,476,474,475,473,473,474,477,476,479,479,479,479,481,483,480,482,482,486,486,482,485,486,491,489,491,488,492,493,491,494,493,496,494,495,495,496,498,498,2839,2865,2863,2890,2861,2824,2838,2869,2841,2833,2812,2846,2863,2818,2881,2820,2876,2890,2957,2995,3050,3133,3193,3222,3304,3389,3421,3495,3533,3618,3730,3689,3784,3870,3926,3974,4067,4097,4232,4317,4400,4506,4578,4687,4761,4843,4962,5078,5191,5320,5478,5569,5714,5825,5933,6069,6186,6338,6472,6591,6732,6882,6984,7132,7283,7374,7533,7633,7809,7931,8081,8177,8315,8390,8494,8644,8783,8853,8964,9050,9161,9270,9362,9515,9583,9666,9787,9930,10041,10070,10170,10304,10359,10494,10583,10773,10826,10911,11001,11149,11150,11340,11389,11464,11600,11676,11770,11841,11994,12042,12186,12249,12301,12339,12422,12526,12539,12695,12719,12742,12879,12913,12999,13089,13224,13295,13323,13370,13423,13556,13591,13652,13755,13819,13919,13915,14022,14070,14145,14210,14331,14343,14406,14450,14518,14539,14703,14752,14800,14810,14934,14964,15049,15093,15143,15193,15251,15364,15352,15451,15564,15520,15617,15631,15697,15714,15834,15819,15787,15918,15963,16019,16093,16142,16191,16271,16290,16216,16334,16314,16505,16441,16571,16593,16617,16702,16770,16775,16806,16822,16941,16932,17056,17033,17128,17220,17255,17224,17189,17341,17362,17419,17488,17452,17509,17582,17560,17618,17707,17794,17741,17890,17893,18020,17911,17983,18116,18020,18117,18189,18267,18206,18279,18340,18342,18406,18431,18475,18546,18559,18569,18489,18669,18767,18769,18777,18811,18902,18879,19035,19056,19036,18977,19031,19063,19132,19278,19248,19220,19388,19434,19308,19495,19540,19606,19552,19554,19742,19742,19766,19875,19915,19907,19938,20001,19816,19983,20120,20094,20136,20199,20215,20212,20277,20381,20443,20448,20537,20448,20476,20583,20682,20648,20858,20800,20875,20865,20835,20895,20885,20910,20935,21051,21093,21115,21149,21102,21272,21299,21240,21424,21357,21415,21528,21484,21463,21483,21661,21602,21674,21736,21825,21821,21783,21857,21893,21992,21874,21982,22054,21952,22119,22086,22235,22236,22366,22258,22265,22293,22409,22430,22449,22463,22474,22571,22559,22602,22655,22522,22736,22729,22721,22752,22726,22789,22876,22979,22926,23006,23001,23054,23070,23166,23221,23135,23308,23252,23267,23383,23334
F21,Sample X10,76,76,77,76,77,76,76,77,77,75,76,76,76,77,76,76,78,78,79,82,82,82,86,85,85,88,89,89,92,93,93,92,97,98,101,101,103,103,104,107,110,112,110,111,114,116,121,125,125,130,131,135,136,138,140,143,146,148,152,155,156,158,162,166,167,170,172,175,178,180,184,185,189,192,191,194,195,198,200,204,203,205,207,211,213,215,218,220,221,223,227,225,228,232,231,235,234,237,239,241,244,246,245,250,247,251,256,255,257,259,260,262,262,262,268,268,270,269,271,271,274,276,276,278,280,282,284,284,286,287,287,286,291,292,291,293,294,298,296,297,299,300,302,304,304,306,306,309,309,310,313,314,316,316,319,318,322,323,323,323,327,326,329,331,332,333,333,335,336,336,340,338,339,346,344,345,343,344,348,346,352,350,351,351,354,357,355,357,360,358,359,363,364,362,363,363,367,365,371,369,372,371,372,373,376,375,378,377,381,380,384,382,384,385,384,384,386,390,389,387,387,390,392,393,396,398,394,397,400,399,401,402,400,402,404,404,408,406,406,407,408,410,411,412,417,414,414,415,418,418,419,422,420,422,425,423,426,427,428,429,429,432,432,434,434,437,434,438,441,442,439,442,442,446,445,446,447,447,448,449,449,455,452,454,456,456,456,458,456,458,458,461,461,464,462,466,464,466,472,470,471,470,472,474,477,475,477,477,478,478,481,481,482,483,481,486,487,488,484,489,489,491,492,496,493,491,497,498,500,501,502,502,503,504,501,501,505,504,509,510,508,510,509,511,511,512,517,514,517,518,516,519,523,520,521,524,523,526,529,526,2904,2890,2910,2919,2897,2937,2936,2933,2902,2932,2909,2931,2921,2968,2926,2982,2990,3028,3077,3142,3193,3188,3247,3331,3374,3485,3451,3580,3647,3691,3713,3807,3872,3960,4030,4127,4150,4231,4262,4394,4478,4626,4649,4762,4820,4935,5050,5225,5263,5450,5535,5604,5769,5877,6051,6098,6241,6379,6533,6670,6748,6946,6996,7173,7258,7389,7511,7672,7843,7935,8010,8084,8207,8314,8451,8542,8708,8756,8861,8979,9082,9191,9289,9443,9440,9563,9635,9716,9797,9906,10045,10110,10230,10294,10391,10474,10607,10640,10785,10799,10955,11027,11026,11217,11212,11365,11420,11504,11582,11644,11678,11827,11917,11957,12035,12107,12085,12216,12259,12411,12489,12499,12624,12714,12658,12752,12820,12925,12978,13080,13121,13194,13252,13291,13407,13500,13471,13663,13685,13708,13802,13796,13901,13989,14061,14072,14156,14317,14320,14407,14488,14584,14636,14654,14709,14775,14884,15000,14987,15148,15189,15177,15255,15322,15367,15399,15477,15575,15679,15575,15694,15736,15910,15925,15919,16008,16072,16008,16104,16093,16349,16284,16358,16410,16421,16509,16550,16645,16632,16699,16744,16809,16869,16885,16936,17030,17087,17074,17149,17221,17283,17273,17325,17425,17543,17389,17560,17579,17567,17718,17737,17778,17863,17886,17914,18049,18045,18125,18107,18178,18238,18249,18329,18326,18492,18535,18554,18542,18556,18559,18603,18672,18728,18688,18848,18911,18959,18969,19057,19042,19139,19024,19120,19302,19384,19404,19454,19500,19521,19548,19605,19633,19759,19830,19794,19996,19918,20050,20044,20136,20243,20243,20357,20313,20433,20424,20507,20489,20594,20560,20697,20623,20720,20723,20829,20896,20923,20996,21087,21072,21221,21239,21238,21365,21375,21317,21402,21421,21591,21498,21734,21645,21585,21785,21758,21807,21816,21856,21928,22023,22106,22202,22224,22280,22213,22329,22254,22439,22402,22481,22417,22669,22760,22749,22730,22782,22854,22882,22921,22872,23028,23094,23119,23246,23195,23224,23301,23378,23354,23310,23498,23592,23562,23649,23626,23667,23795,23821,23819,23948,23929,23997,24005,24084,24014,24068,24216,24208,24163,24263,24425,24349,24572,24389,24646,24679,24588,24691,24717,24834
H03,Sample X11,78,76,77,74,77,77,76,77,77,76,76,76,74,78,76,75,76,76,78,78,81,80,84,86,83,87,86,88,91,92,92,94,96,96,98,99,100,102,102,105,108,111,110,110,111,116,118,120,124,126,126,130,134,133,138,141,139,142,145,148,150,153,157,157,161,163,165,168,170,169,173,176,177,180,181,184,183,187,186,189,189,195,196,199,200,201,205,206,207,208,211,213,218,215,217,224,219,224,230,228,229,232,234,236,239,241,245,244,243,244,248,253,250,254,256,257,260,261,261,263,261,266,268,268,270,272,274,275,275,280,282,283,284,285,288,287,285,287,289,293,294,296,295,296,298,297,296,300,302,301,302,305,306,307,306,307,311,312,314,314,315,315,315,317,319,318,321,323,325,325,324,326,326,327,328,330,328,330,330,335,332,334,336,334,335,339,340,340,342,339,342,344,344,344,344,344,350,349,351,350,349,352,352,356,356,358,357,359,359,360,361,363,365,363,364,362,366,366,367,366,369,367,369,372,374,372,374,372,375,376,376,379,380,376,381,378,382,382,385,385,383,386,387,389,389,389,389,390,388,392,390,391,393,394,398,398,399,398,402,400,400,402,400,406,407,407,408,405,406,407,411,409,408,411,413,412,412,413,415,417,415,418,414,419,420,419,420,422,419,422,424,422,427,425,427,425,427,429,430,434,430,430,434,432,434,433,435,435,436,436,436,437,438,436,440,438,442,440,442,445,441,445,442,447,446,446,448,448,449,445,446,452,450,452,451,451,452,453,454,453,452,456,455,456,458,459,460,460,459,458,460,462,462,464,460,461,464,466,462,464,2948,2945,2940,2954,2951,2974,2936,2946,2926,2931,2903,2894,2900,2886,2873,2940,2931,2982,3024,3053,3102,3136,3224,3306,3323,3384,3445,3490,3536,3631,3676,3746,3773,3854,3950,3981,4048,4150,4222,4324,4415,4470,4559,4586,4742,4853,4976,5024,5174,5242,5377,5426,5619,5680,5836,5908,6015,6172,6244,6387,6488,6604,6725,6800,6983,6997,7113,7212,7384,7423,7542,7680,7780,7850,7942,8035,8105,8287,8299,8366,8443,8597,8697,8739,8869,8923,8975,9143,9220,9317,9423,9519,9648,9720,9744,9907,9889,10106,10130,10253,10326,10400,10513,10607,10730,10757,10832,10947,11041,11179,11208,11283,11395,11469,11529,11581,11647,11787,11935,11940,11993,12112,12151,12274,12286,12417,12432,12573,12604,12671,12805,12743,12967,13008,13023,13041,13121,13224,13234,13384,13392,13530,13566,13516,13664,13687,13786,13794,13879,13950,14117,14124,14134,14178,14283,14339,14392,14484,14501,14525,14518,14547,14642,14700,14709,14788,14808,14862,14958,15022,15007,15083,15149,15212,15317,15235,15338,15426,15485,15447,15560,15535,15616,15619,15738,15745,15740,15844,15860,15930,15928,16064,16127,16145,16140,16196,16188,16226,16261,16331,16404,16422,16472,16464,16562,16581,16628,16681,16656,16769,16750,16758,16857,16936,16920,16917,16980,17076,17083,17154,17149,17143,17324,17264,17306,17360,17399,17425,17473,17499,17623,17634,17692,17682,17757,17805,17763,17869,17908,17970,17903,18070,17962,18079,18222,18307,18211,18249,18304,18281,18433,18289,18524,18440,18585,18495,18628,18633,18674,18768,18750,18862,18809,18877,18920,18955,18960,18991,19077,19141,19155,19104,19075,19185,19295,19256,19310,19384,19454,19453,19463,19484,19577,19586,19576,19729,19717,19706,19749,19851,19736,19834,19879,19867,20052,20013,20043,19947,20123,20057,20191,20210,20316,20256,20292,20292,20355,20400,20454,20444,20483,20445,20587,20605,20564,20645,20608,20771,20820,20736,20816,20681,20900,20822,20951,20900,20888,20938,21005,20927,21139,21091,21063,21049,21141,21282,21180,21253,21316,21367,21390,21314,21429,21293,21387,21426,21460,21503,21433,21549,21621,21638,21627,21705,21735,21745,21895,21757,21795,21834
H05,Sample X12,78,77,74,75,75,74,75,76,74,75,74,73,74,73,75,74,76,76,77,77,79,79,82,83,84,85,86,88,90,91,91,95,94,94,97,98,99,102,105,105,108,109,110,110,113,116,120,121,121,127,130,132,133,135,139,142,142,146,147,152,154,156,160,160,163,166,169,170,170,173,178,179,180,184,183,186,189,190,191,196,196,197,200,203,203,206,209,209,210,215,214,217,219,225,220,224,225,227,228,231,231,234,237,238,238,239,243,243,244,246,248,249,252,251,253,256,256,258,262,260,261,261,265,265,269,269,270,270,274,274,278,277,280,281,283,284,284,285,287,287,288,289,290,292,293,294,294,296,296,296,301,299,304,302,303,303,306,307,307,307,308,310,310,312,315,312,313,317,316,317,320,320,320,324,325,324,324,326,329,328,326,331,330,334,334,337,334,338,335,336,339,340,340,340,342,342,341,345,344,349,348,346,350,352,352,352,351,356,354,354,357,357,358,358,359,361,363,362,364,364,366,366,368,370,370,370,370,374,377,372,375,377,378,378,382,380,379,380,384,387,385,384,387,389,389,389,392,390,393,393,392,394,394,396,397,397,402,403,403,404,407,406,407,409,408,410,408,409,412,411,411,415,414,415,417,417,420,418,420,419,423,425,422,426,424,423,426,428,428,429,430,430,432,431,432,436,437,435,439,436,439,441,440,439,442,442,444,443,446,445,445,444,447,449,449,450,449,452,452,454,455,454,454,457,456,455,455,455,457,460,458,461,459,464,458,466,463,464,464,468,466,466,469,467,470,470,469,472,472,473,473,474,472,473,473,477,478,477,478,477,2838,2867,2871,2846,2847,2858,2849,2802,2809,2820,2801,2792,2823,2808,2797,2825,2846,2855,2938,2975,3045,3073,3172,3232,3266,3334,3418,3458,3514,3574,3678,3710,3746,3853,3934,4010,4057,4138,4221,4286,4384,4441,4569,4699,4731,4866,4998,5118,5256,5324,5431,5552,5693,5811,5927,6042,6200,6266,6414,6540,6617,6772,6894,6998,7101,7234,7396,7385,7532,7583,7740,7856,7900,8065,8129,8211,8350,8392,8512,8570,8659,8783,8873,8984,9050,9112,9220,9340,9463,9476,9565,9698,9740,9866,9937,10034,10009,10153,10370,10367,10444,10456,10568,10596,10767,10802,10883,10949,11035,11079,11232,11276,11303,11328,11475,11551,11598,11701,11728,11889,11855,11902,11991,12026,12070,12128,12211,12358,12459,12587,12470,12640,12775,12750,12883,12841,12854,12980,13052,13130,13208,13195,13249,13351,13424,13408,13522,13624,13724,13779,13810,13808,13873,13904,13969,14009,14076,14117,14182,14305,14267,14358,14478,14492,14531,14527,14592,14675,14708,14720,14770,14843,14956,14955,15003,15080,15103,15098,15213,15269,15285,15395,15448,15361,15548,15570,15604,15600,15736,15706,15642,15738,15886,15838,15926,15884,16040,15987,16150,16102,16218,16288,16202,16253,16291,16352,16476,16516,16544,16503,16582,16679,16642,16699,16691,16804,16884,16908,16972,17014,17051,17123,17161,17204,17268,17311,17396,17402,17380,17469,17491,17577,17664,17636,17716,17696,17769,17800,17946,17967,17875,18024,18011,18122,18140,18288,18292,18265,18330,18412,18443,18468,18602,18593,18721,18649,18712,18880,18842,18848,18974,19043,19009,19138,19144,19100,19199,19257,19243,19248,19357,19358,19389,19526,19556,19657,19678,19650,19702,19728,19880,19771,19882,19953,19890,19978,19976,20009,20125,20121,20090,20203,20206,20394,20352,20419,20366,20380,20497,20597,20560,20582,20683,20698,20725,20728,20845,20785,20799,20868,20928,21037,21021,21076,21104,20926,21109,21166,21316,21208,21262,21357,21350,21350,21414,21457,21412,21479,21578,21584,21718,21717,21776,21776,21647,21723,21876,21769,21955,21862,21924,21990,22004,22052,22074,22117,22104,22139,22251,22216,22271,22344,22297,22334,22407,22424,22484,22432,22452,22570
H07,Sample X13,77,75,73,74,76,73,75,78,75,74,75,73,72,75,73,76,75,76,76,76,79,80,82,83,85,83,86,89,89,90,91,94,94,96,96,99,100,102,106,104,107,111,109,115,117,116,119,122,124,127,127,131,132,137,137,141,141,145,147,150,151,156,156,157,161,162,164,167,168,170,173,174,175,179,180,181,182,185,185,190,190,193,194,194,198,201,200,202,203,204,208,208,211,213,216,214,221,218,221,223,226,227,229,229,230,234,235,238,236,243,239,243,242,244,247,246,249,248,247,252,252,251,257,256,258,258,258,258,263,259,263,266,270,270,271,272,272,270,273,278,278,278,279,279,280,279,282,283,282,287,283,286,287,290,288,292,292,290,292,290,293,293,296,296,297,296,298,298,298,299,300,300,303,305,304,304,305,308,306,309,310,312,310,311,310,311,313,315,315,317,316,317,321,321,320,322,322,322,323,326,324,327,329,331,328,330,329,330,329,331,333,335,335,334,337,338,337,340,340,339,340,340,343,342,344,345,347,347,347,348,348,351,351,352,352,353,354,352,356,357,355,357,358,357,361,358,363,361,362,362,364,365,365,365,366,368,370,371,370,373,374,375,374,377,375,379,378,379,382,381,382,382,384,385,383,383,385,387,389,392,390,393,393,389,392,393,396,397,398,397,400,399,402,401,402,403,399,402,406,403,408,408,406,411,409,410,413,414,415,411,412,413,413,414,420,415,416,418,422,420,419,421,422,422,421,423,423,420,427,428,423,426,424,427,430,429,430,431,429,428,429,432,434,432,436,436,438,439,439,438,438,438,439,441,446,440,443,444,442,441,2912,2877,2890,2894,2874,2837,2878,2855,2871,2835,2841,2823,2788,2794,2838,2838,2874,2932,2900,2991,3088,3096,3165,3210,3293,3361,3426,3439,3509,3566,3675,3735,3812,3849,3924,3999,4022,4138,4220,4327,4373,4481,4567,4626,4772,4858,4973,5151,5248,5276,5380,5475,5606,5753,5813,5988,6086,6173,6319,6414,6479,6636,6755,6857,6923,7031,7126,7203,7394,7382,7534,7621,7765,7836,7855,7971,8038,8165,8243,8355,8377,8526,8586,8689,8792,8841,8895,9022,9042,9201,9245,9355,9454,9485,9595,9689,9773,9849,9907,10004,10047,10130,10204,10239,10426,10515,10525,10576,10629,10664,10731,10903,10960,10966,11017,11063,11156,11258,11254,11356,11380,11405,11556,11592,11621,11672,11770,11807,11814,11939,11945,12013,12127,12164,12299,12220,12321,12288,12398,12509,12510,12548,12686,12599,12684,12765,12822,12901,12904,13050,13044,13108,13159,13136,13158,13204,13326,13383,13397,13474,13514,13575,13588,13576,13704,13656,13773,13767,13793,13807,13952,13943,13960,14078,14113,14132,14180,14122,14253,14275,14325,14322,14461,14482,14519,14542,14626,14572,14632,14588,14735,14795,14874,14842,14882,14936,14866,14924,15088,15082,15187,15196,15295,15192,15229,15222,15351,15354,15341,15454,15570,15399,15583,15672,15642,15742,15703,15741,15756,15836,15868,15918,15918,16023,16067,16015,16136,16079,16120,16256,16171,16316,16327,16372,16373,16486,16426,16509,16575,16493,16635,16673,16675,16767,16851,16884,16897,16822,16922,16980,17101,17038,17086,17129,17246,17234,17114,17223,17331,17380,17414,17431,17553,17554,17555,17606,17641,17685,17721,17676,17784,17866,17904,17976,17955,18091,18137,18128,18211,18228,18208,18332,18414,18353,18364,18385,18581,18591,18523,18614,18596,18697,18764,18711,18895,18838,18918,18825,18967,19071,19014,19032,19139,19143,19213,19135,19244,19332,19410,19277,19346,19523,19428,19479,19558,19536,19589,19628,19651,19695,19697,19690,19778,19735,19841,19753,19818,19966,19850,19897,20084,20054,20041,20125,20061,20233,20118,20201,20152,20252,20258,20296,20454,20371,20401,20355,20410,20493,20439,20603,20551,20618,20662,20632,20662,20707,20752,20750,20879,20846
H09,Sample X14,74,74,75,73,74,74,73,75,74,73,73,75,75,76,74,75,75,77,77,78,78,81,82,83,84,84,87,88,92,94,92,98,96,97,98,102,101,105,107,110,112,114,115,118,116,123,126,129,130,136,137,141,146,145,152,156,156,161,165,166,172,174,177,180,186,189,193,197,197,200,206,207,211,216,218,219,220,225,227,232,233,235,240,244,247,250,251,255,257,260,264,266,270,270,273,279,280,282,284,287,289,291,292,295,296,298,302,301,304,307,309,310,309,312,312,315,319,320,322,322,322,326,328,329,331,334,335,339,338,338,343,342,342,348,347,346,351,352,353,358,358,356,355,354,360,360,360,365,365,365,368,370,370,372,371,374,377,378,376,380,380,382,386,385,387,386,386,390,391,392,391,394,395,395,399,399,398,400,402,403,406,404,407,404,408,410,408,409,413,414,415,418,418,418,417,422,420,422,423,426,425,426,429,428,430,430,432,434,435,432,436,436,438,438,437,439,443,443,443,444,445,449,447,450,450,454,450,453,454,453,456,455,456,457,459,460,463,463,467,465,467,467,469,467,470,474,472,474,473,475,474,474,478,480,482,482,484,487,486,488,487,490,490,490,492,492,493,497,496,498,502,497,501,502,503,503,504,505,506,506,511,510,511,512,511,512,515,517,516,519,521,521,520,525,524,525,523,529,527,528,529,529,531,533,534,531,533,536,535,538,537,539,539,538,544,543,542,544,545,548,547,545,545,548,550,552,553,552,554,556,553,554,555,558,559,559,561,563,563,566,566,566,569,569,566,570,570,572,573,574,574,571,575,577,578,575,578,580,579,581,2876,2865,2845,2807,2809,2832,2824,2804,2794,2816,2800,2820,2809,2797,2834,2823,2855,2872,2922,2997,3039,3097,3161,3215,3323,3348,3413,3526,3587,3623,3726,3806,3878,3964,4049,4106,4229,4270,4414,4504,4578,4674,4820,4920,5058,5166,5313,5469,5624,5692,5861,6004,6174,6294,6491,6636,6817,6945,7173,7306,7525,7614,7815,7923,8138,8305,8433,8588,8757,8940,9081,9228,9390,9526,9673,9817,10067,10132,10262,10423,10545,10752,10747,10969,11119,11223,11353,11533,11608,11810,11885,12140,12239,12363,12413,12614,12679,12817,12967,13085,13239,13380,13445,13626,13764,13725,13853,13976,14053,14184,14262,14286,14491,14444,14528,14640,14743,14863,14946,14954,15085,15216,15182,15221,15338,15355,15529,15553,15711,15737,15847,15835,15932,16040,16118,16231,16252,16323,16430,16445,16563,16540,16666,16656,16694,16768,16872,16934,17064,17098,17160,17282,17265,17275,17313,17436,17535,17637,17731,17721,17732,17766,17866,17799,17934,17981,18082,18070,18159,18182,18323,18349,18519,18433,18561,18644,18635,18640,18772,18813,18876,18955,18815,19078,18999,19138,19293,19267,19243,19389,19401,19434,19555,19547,19580,19657,19735,19666,19894,19773,19806,19905,19953,19977,20101,20176,20199,20237,20211,20307,20330,20359,20465,20564,20555,20654,20699,20751,20709,20797,21013,20797,20893,21099,20975,21194,21226,21136,21329,21353,21401,21481,21603,21493,21557,21676,21740,21756,21760,21801,21875,21892,22055,22024,22207,22190,22145,22205,22236,22350,22436,22420,22597,22578,22598,22694,22804,22695,22796,22862,22926,22907,22978,23018,23045,23215,23287,23358,23284,23444,23399,23482,23481,23650,23620,23612,23761,23861,23793,23890,23847,24004,24035,24118,24302,24176,24218,24234,24432,24319,24476,24434,24482,24599,24587,24696,24771,24775,24856,24909,24942,24921,25002,24998,25172,25133,25298,25262,25271,25323,25319,25338,25364,25507,25547,25582,25646,25779,25693,25710,25840,25841,25782,25906,25917,25982,26151,26156,26162,26183,26267,26184,26219,26296,26538,26406,26586,26604,26510,26735,26629,26730,26790,26826,26877,26979,26952,27042,26994,27146,27116,27101,27173,27314,27319,27338,27398,27434,27470,27354
H11,Sample X15,75,74,74,74,73,74,75,74,74,74,75,75,76,74,73,74,75,75,75,77,79,80,79,82,83,82,86,88,89,90,94,95,96,95,96,100,100,105,106,107,109,111,115,113,122,120,120,126,129,131,135,137,140,143,146,148,152,157,160,162,164,170,174,178,181,187,189,195,195,199,202,206,209,215,217,220,221,225,229,229,234,238,241,246,248,252,254,256,258,263,265,267,270,274,275,280,280,282,289,289,289,295,295,300,302,303,301,307,308,308,313,312,313,315,318,320,322,323,323,327,329,329,331,333,333,335,335,338,341,342,345,347,349,349,351,352,355,353,357,358,360,360,361,366,364,364,367,372,368,369,373,373,375,375,379,376,383,378,382,385,385,385,387,391,391,391,392,395,395,398,396,398,402,401,402,404,404,406,407,408,407,411,411,411,414,415,415,417,416,419,421,420,421,422,422,426,424,425,428,429,427,431,433,433,433,434,437,438,438,439,439,440,442,444,444,444,446,448,444,445,447,449,448,452,454,452,452,455,458,456,457,458,460,460,461,462,462,464,465,466,467,464,467,472,469,473,472,474,474,476,476,477,476,478,479,480,480,483,485,482,484,488,488,489,488,491,492,492,494,494,495,495,492,496,499,500,498,500,501,503,500,503,506,504,509,507,510,509,512,511,513,513,516,516,519,514,518,517,521,520,522,522,523,525,527,525,527,528,529,528,529,531,529,532,532,533,538,536,537,536,541,535,539,539,542,542,543,545,541,545,546,548,544,550,549,550,548,553,550,547,552,555,551,552,555,557,559,556,561,560,563,562,562,562,563,561,565,565,564,568,2841,2843,2825,2835,2809,2804,2842,2829,2801,2799,2802,2829,2802,2810,2811,2836,2875,2859,2905,2963,3008,3113,3121,3213,3246,3313,3412,3442,3553,3613,3688,3773,3832,3896,3962,4059,4115,4217,4282,4405,4507,4616,4678,4798,4938,5039,5133,5301,5466,5552,5675,5774,5985,6148,6262,6496,6612,6756,6946,7099,7303,7427,7678,7811,7962,8183,8308,8494,8626,8804,8971,9130,9285,9492,9627,9848,9991,10134,10301,10455,10554,10677,10848,11004,11179,11276,11453,11549,11697,11818,12001,12110,12283,12397,12502,12670,12796,12938,13074,13157,13399,13492,13602,13697,13844,13963,14059,14166,14132,14300,14394,14549,14632,14704,14717,14813,14936,15005,15094,15166,15202,15332,15352,15485,15528,15667,15710,15820,15904,15959,16053,16133,16163,16257,16303,16454,16456,16529,16653,16739,16675,16849,16839,16909,17038,17028,17075,17109,17316,17333,17309,17529,17452,17524,17560,17698,17681,17851,17921,17935,17984,18050,18077,18207,18166,18260,18319,18351,18393,18475,18530,18621,18636,18705,18751,18823,18875,18946,19076,19050,19036,19024,19216,19231,19290,19368,19376,19526,19516,19590,19553,19601,19671,19719,19761,19860,19940,20069,19970,20099,20047,20173,20194,20245,20316,20373,20454,20432,20549,20546,20495,20687,20718,20762,20793,20782,20858,20861,20922,21002,21031,21023,21129,21183,21185,21305,21242,21378,21292,21442,21538,21469,21584,21578,21610,21658,21707,21827,21773,21960,21780,22052,21928,22069,22150,22193,22203,22188,22242,22356,22257,22403,22462,22451,22531,22518,22652,22632,22651,22734,22732,22912,22882,22930,22912,23014,23010,23029,23188,23146,23271,23143,23413,23343,23324,23468,23526,23616,23680,23731,23702,23663,23788,23798,23888,23895,23946,24001,24027,24086,24098,24161,24297,24309,24326,24354,24375,24445,24503,24474,24620,24662,24648,24657,24755,24768,24850,24983,24768,24964,24885,25057,25069,25118,25091,25176,25280,25254,25184,25232,25268,25373,25458,25426,25609,25464,25529,25632,25570,25697,25767,25799,25825,25872,25824,25822,25937,25931,25851,26108,26160,26114,26181,26197,26280,26205,26291,26449,26429,26417,26417,26472,26580,26492,26636,26586,26686,26664,26785,26665
H13,Sample X16,77,78,78,75,74,75,76,76,76,78,76,76,76,76,76,78,79,80,80,80,81,82,85,85,87,88,90,92,93,96,97,99,99,100,105,104,106,110,111,113,117,119,120,123,121,127,130,133,137,144,143,148,153,155,161,162,166,169,175,178,182,187,191,196,199,203,208,212,216,218,223,226,232,236,240,243,244,250,251,258,258,266,265,271,274,278,283,285,287,290,293,295,298,301,306,306,310,312,316,319,320,326,329,330,334,335,338,341,344,342,345,350,351,350,353,352,357,358,357,364,361,364,368,369,369,371,374,376,380,379,379,386,385,386,388,391,393,395,395,396,397,398,402,402,404,404,407,409,411,413,413,416,416,416,419,420,420,422,422,425,424,424,431,428,431,435,434,434,437,438,439,440,441,445,443,447,447,444,448,450,450,452,452,452,453,457,456,459,458,459,464,463,463,464,466,467,465,468,472,473,471,474,477,476,477,475,479,478,480,480,482,485,486,486,485,486,489,488,491,491,493,490,496,495,497,497,498,499,502,498,503,502,503,504,506,507,508,505,509,512,512,510,514,514,519,518,513,514,517,517,518,524,521,520,524,523,525,526,526,529,529,527,529,530,535,536,537,534,535,536,537,539,539,538,544,542,546,545,549,547,548,550,547,551,550,552,552,554,553,556,555,560,557,561,559,561,563,564,565,568,568,566,567,569,571,571,570,574,573,574,577,578,575,576,577,578,580,581,581,584,584,585,585,587,587,589,590,587,591,591,597,597,591,595,599,599,599,599,598,603,601,603,603,602,602,608,606,612,606,609,612,613,613,612,615,612,616,615,618,617,2945,2927,2960,2914,2884,2857,2912,2880,2888,2882,2904,2877,2909,2893,2924,2968,2944,3026,3065,3101,3115,3207,3268,3359,3408,3496,3586,3691,3743,3839,3878,3982,4037,4120,4252,4314,4428,4497,4612,4729,4864,4976,4996,5196,5300,5431,5570,5683,5871,6062,6153,6332,6526,6704,6927,7094,7213,7414,7631,7796,7994,8192,8420,8606,8770,8993,9199,9386,9582,9827,9931,10197,10392,10598,10749,10882,11142,11232,11448,11658,11827,11976,12129,12326,12451,12612,12773,12968,13067,13297,13366,13716,13713,13855,13976,14188,14262,14459,14645,14823,14894,15068,15114,15249,15437,15511,15668,15792,15794,15906,16104,16146,16214,16283,16373,16382,16628,16674,16746,16875,16924,17074,17110,17286,17322,17185,17454,17543,17649,17716,17816,17914,17980,18062,18198,18300,18162,18434,18424,18588,18530,18688,18629,18732,18834,18881,19013,19040,19123,19177,19265,19357,19495,19543,19459,19535,19623,19825,19838,19912,19883,19927,19924,20146,20172,20247,20416,20373,20440,20448,20472,20609,20702,20698,20768,20817,20853,20998,21069,21033,21085,21155,21206,21151,21305,21415,21483,21598,21613,21542,21610,21784,21744,21845,21906,21975,22037,22024,22005,22127,22142,22143,22260,22308,22395,22427,22389,22507,22574,22653,22648,22706,22774,22913,22781,22982,22850,22973,23079,23123,23050,23287,23204,23316,23178,23397,23471,23463,23564,23499,23640,23588,23701,23718,23820,23844,23876,23863,23901,23993,23976,24071,24035,24117,24200,24321,24313,24194,24353,24325,24405,24478,24486,24640,24573,24568,24691,24717,24777,24771,24910,24988,24959,25104,25093,25209,25163,25238,25190,25311,25396,25346,25380,25460,25484,25508,25600,25642,25785,25770,25832,25981,26001,26001,25995,26061,26185,26236,26195,26288,26330,26278,26437,26464,26513,26585,26558,26521,26665,26767,26863,26778,26898,26995,27085,26948,27028,26978,27071,27164,27195,27255,27376,27312,27335,27386,27420,27536,27564,27579,27643,27683,27761,27842,27825,27800,27865,27942,27984,28066,28121,28076,28123,28124,28182,28181,28269,28368,28458,28361,28588,28564,28540,28471,28586,28752,28702,28667,28769,28916,29032,28829,28991,28883,29056,28967,29099,29050,29158,29203
H15,Sample X17,76,77,76,77,78,76,78,78,76,76,77,77,78,77,77,77,81,79,79,78,82,82,84,85,85,87,88,89,92,92,93,94,96,97,103,100,103,104,105,110,108,111,113,116,118,123,119,126,128,134,135,139,141,144,146,150,152,159,159,162,168,171,176,180,181,187,189,192,197,199,203,206,212,216,218,218,222,228,230,233,238,239,240,243,249,251,255,259,263,265,268,271,273,274,279,286,282,285,288,292,293,295,297,299,300,305,306,310,312,315,314,316,317,319,320,322,325,328,327,327,329,333,335,334,337,338,339,340,343,343,346,347,350,350,353,353,354,356,358,359,361,360,365,364,363,364,367,366,366,372,372,373,374,373,375,376,382,381,379,380,381,384,383,385,385,388,388,390,390,390,393,396,393,394,397,399,398,399,399,399,403,404,405,404,406,406,406,407,407,410,410,412,413,413,413,415,416,416,418,419,422,420,425,423,426,424,427,428,425,428,429,432,430,431,431,433,435,434,435,435,437,435,438,436,441,438,439,440,442,440,444,443,448,446,447,446,448,449,450,451,452,453,453,455,455,457,455,453,457,460,460,458,461,461,465,463,465,465,462,465,468,468,467,468,470,470,472,472,471,473,474,474,475,475,476,477,479,481,480,479,483,485,484,486,486,482,486,485,488,484,485,493,491,492,490,492,495,496,495,499,499,499,500,499,499,501,497,501,502,499,502,501,507,504,503,505,506,512,509,508,512,508,510,512,512,514,512,513,516,517,515,517,517,520,517,521,520,521,522,521,522,521,523,522,524,527,528,526,530,529,528,528,531,532,532,530,533,533,536,533,2996,2977,2955,2931,2950,2942,2982,2936,2960,2940,2950,2972,2953,2958,2981,2986,2985,3038,3047,3078,3154,3228,3223,3282,3353,3427,3514,3603,3614,3705,3809,3821,3892,3992,4042,4097,4204,4308,4362,4484,4542,4629,4729,4877,4922,5063,5194,5358,5483,5574,5700,5800,6031,6220,6370,6461,6686,6828,6956,7146,7392,7546,7639,7824,8058,8151,8349,8523,8698,8855,9002,9261,9373,9553,9682,9855,10053,10203,10292,10490,10627,10854,10910,11151,11228,11412,11498,11750,11831,11918,12087,12209,12370,12559,12636,12834,12867,13081,13247,13376,13365,13576,13726,13882,13986,14067,14240,14261,14341,14418,14508,14673,14709,14845,14944,14949,14996,15085,15159,15327,15416,15416,15513,15572,15548,15713,15817,15847,15978,15972,16112,16199,16192,16287,16297,16446,16512,16577,16568,16700,16798,16795,16910,16952,17019,17052,17063,17152,17216,17227,17356,17395,17421,17438,17510,17545,17581,17650,17845,17742,17877,17913,17888,17904,18001,17930,18033,18155,18293,18240,18333,18449,18378,18466,18525,18568,18601,18618,18670,18790,18801,18787,18838,18888,18958,19051,19038,19108,19046,19139,19187,19320,19376,19352,19397,19471,19422,19583,19606,19549,19590,19619,19679,19708,19711,19821,19782,19948,19956,20007,19996,20015,20094,20129,20231,20264,20342,20218,20237,20325,20353,20555,20481,20515,20504,20669,20676,20694,20652,20697,20729,20805,20856,20946,20906,20876,20991,21008,21061,21054,21103,21137,21220,21305,21390,21292,21351,21449,21427,21502,21475,21458,21595,21659,21662,21693,21684,21710,21769,21857,21920,21871,21933,22027,22091,22000,22064,22173,22138,22270,22210,22292,22372,22371,22389,22343,22382,22626,22654,22659,22602,22730,22888,22689,22784,22847,22817,22925,22975,22903,22888,22987,23018,23076,23144,23192,23142,23235,23287,23373,23273,23377,23370,23319,23533,23429,23512,23529,23579,23625,23676,23519,23727,23760,23758,23797,23826,23916,23961,24072,23977,23906,24014,24046,23971,24046,24193,24080,24311,24308,24298,24345,24385,24227,24351,24457,24415,24517,24614,24527,24658,24631,24627,24664,24776,24685,24751,24780,24844,24745,24875,24916,24935,25040,25059,25023,24984,25079,25176,25149
H17,Sample X18,77,77,76,76,77,75,77,78,76,74,75,75,76,75,75,76,76,76,76,78,77,79,80,82,81,84,85,84,88,90,90,92,91,95,94,97,95,101,103,102,105,106,108,108,110,114,117,119,123,125,128,132,135,136,140,144,143,147,153,157,159,163,167,168,173,176,180,182,188,189,193,194,196,203,204,204,210,213,216,217,221,223,227,229,233,236,239,240,243,245,249,249,256,254,261,260,263,264,271,271,274,275,274,281,282,283,285,288,289,290,292,295,295,297,298,302,299,303,304,305,307,311,311,311,311,314,317,319,322,319,323,325,327,325,327,327,334,332,336,337,337,336,339,343,340,345,347,347,348,349,348,350,350,351,354,352,358,359,358,358,360,362,362,365,364,365,365,368,370,371,369,369,373,374,374,378,376,379,377,382,384,382,384,384,383,383,385,388,387,386,389,392,391,390,393,392,394,395,396,398,396,398,400,403,403,404,403,407,403,409,410,408,409,409,411,409,412,413,416,413,417,417,417,419,419,418,423,421,423,422,425,425,426,423,429,424,427,429,432,433,431,430,430,435,432,436,438,435,437,437,437,439,442,443,442,444,443,446,443,449,445,451,447,452,453,451,450,453,455,456,457,458,456,456,456,462,462,459,460,460,463,462,463,464,463,464,467,466,469,469,466,473,474,471,471,475,472,477,476,478,479,475,482,478,481,482,481,480,484,482,483,485,486,483,486,489,487,490,494,491,491,489,491,491,493,494,496,495,496,500,496,499,497,499,502,500,501,501,501,506,506,506,507,510,510,511,509,512,512,511,511,512,512,512,513,517,515,514,514,511,2917,2906,2908,2868,2884,2881,2913,2901,2883,2856,2848,2847,2840,2869,2881,2884,2866,2879,2953,2956,3018,3052,3153,3141,3242,3268,3315,3377,3443,3504,3584,3689,3639,3749,3807,3926,3936,4013,4132,4175,4287,4414,4467,4561,4694,4807,4908,5010,5145,5279,5424,5556,5659,5837,5974,6142,6307,6432,6618,6741,6941,7078,7191,7371,7528,7686,7804,8058,8121,8328,8475,8654,8783,8916,9076,9164,9341,9460,9730,9796,9863,9958,10114,10336,10407,10577,10604,10820,10923,11071,11222,11305,11401,11625,11717,11778,11894,12050,12112,12285,12385,12508,12621,12674,12816,12940,12970,13097,13135,13427,13349,13478,13595,13679,13732,13820,13956,13936,14062,14186,14258,14317,14343,14386,14546,14532,14681,14773,14768,14875,15083,15063,15096,15127,15251,15318,15448,15449,15558,15586,15624,15706,15787,15803,15903,15850,15938,16064,16185,16141,16282,16331,16398,16345,16479,16549,16602,16603,16757,16702,16710,16812,16914,16900,16972,17095,17067,17117,17212,17196,17282,17296,17348,17371,17413,17498,17523,17546,17642,17673,17759,17794,17773,17835,17879,17991,17933,18029,18140,18145,18238,18256,18224,18369,18271,18415,18430,18456,18472,18512,18605,18653,18767,18716,18740,18807,18806,18902,18893,18937,19067,19063,19121,19245,19222,19209,19200,19216,19346,19380,19340,19400,19478,19593,19568,19586,19640,19711,19772,19735,19818,19879,19802,19953,19993,19925,20017,19980,20080,20108,20270,20101,20239,20395,20368,20424,20514,20539,20525,20550,20628,20598,20631,20742,20720,20820,20836,20899,20876,20844,20926,20943,21082,21199,21215,21099,21157,21194,21262,21241,21462,21271,21341,21436,21551,21557,21564,21644,21689,21680,21651,21838,21737,21865,21850,21771,21869,21840,21940,22019,22052,22090,22163,22158,22142,22222,22281,22268,22295,22371,22367,22440,22489,22495,22514,22499,22670,22700,22642,22712,22845,22758,22731,22910,22868,22850,22968,22955,23052,22923,23105,23073,23110,23115,23129,23253,23194,23352,23285,23333,23476,23462,23443,23633,23533,23482,23649,23650,23584,23653,23769,23745,23846,23827,23765,23812,24017,23978,23975,24058,24058,23984,24095,24196,24193,24178,24294,24300,24306,24382
H19,Sample X19,78,76,75,74,77,77,76,77,75,75,76,77,76,76,75,77,77,78,79,78,80,80,83,83,84,88,86,87,87,92,91,94,94,95,96,97,100,100,104,103,106,107,109,110,111,116,118,120,120,126,127,129,132,134,136,138,142,143,144,147,150,153,156,160,162,164,167,169,170,173,178,178,182,182,184,186,189,191,191,195,194,200,199,200,203,204,206,207,212,214,218,215,218,222,220,223,225,230,229,229,232,236,234,238,239,240,242,244,248,244,248,250,251,250,255,256,258,257,259,261,263,263,264,264,266,265,270,269,272,272,277,273,278,277,277,279,284,282,284,286,288,287,288,289,289,291,289,294,294,292,295,298,296,298,300,297,300,302,302,302,300,305,307,305,307,310,310,310,308,313,313,313,312,314,314,316,318,319,322,322,323,323,324,324,322,325,324,328,327,330,330,332,333,335,335,334,336,334,340,337,338,338,340,341,344,341,346,343,345,347,345,348,349,351,349,349,349,353,353,350,355,353,354,355,355,358,355,356,361,358,359,362,361,363,364,364,365,369,367,368,368,369,368,369,371,371,371,374,374,374,378,374,375,373,377,378,380,378,379,384,383,382,384,384,383,387,384,387,391,384,390,391,391,389,393,394,397,395,395,395,394,398,398,400,403,400,401,403,401,403,403,403,406,407,406,406,406,409,410,410,411,413,413,414,414,413,416,417,416,418,419,418,419,419,420,418,421,425,420,424,424,424,426,426,425,426,429,429,430,431,431,430,433,436,434,431,433,436,436,436,436,436,440,437,437,439,442,442,443,442,445,447,447,444,445,446,448,445,452,447,2973,2954,2919,2906,2931,2878,2940,2883,2900,2904,2857,2912,2896,2908,2881,2918,2965,2965,2981,3024,3064,3124,3193,3250,3309,3359,3411,3476,3513,3607,3643,3755,3767,3851,3905,3974,4033,4084,4190,4266,4325,4448,4488,4593,4704,4763,4871,4963,5062,5177,5327,5392,5540,5693,5787,5898,6025,6153,6298,6347,6522,6669,6752,6892,6963,7060,7212,7331,7397,7554,7638,7765,7892,8016,8091,8163,8250,8427,8482,8531,8633,8723,8803,8961,9053,9117,9269,9251,9398,9423,9543,9650,9759,9759,9888,9980,10024,10098,10260,10255,10355,10503,10547,10606,10738,10738,10914,10932,11033,11102,11125,11169,11286,11376,11484,11492,11565,11644,11709,11792,11850,11937,11964,12029,12022,12143,12167,12211,12333,12451,12560,12558,12572,12628,12710,12682,12800,12894,12889,13033,13026,13126,13092,13167,13299,13186,13344,13452,13452,13512,13568,13600,13670,13718,13722,13852,13747,13912,14004,13984,14007,14110,14040,14168,14190,14235,14360,14333,14419,14402,14500,14475,14615,14565,14626,14698,14750,14754,14742,14946,14867,14920,15007,15053,15107,15146,15252,15217,15268,15304,15376,15346,15388,15476,15483,15507,15534,15556,15649,15679,15736,15713,15753,15796,15818,15838,15913,15902,16050,16022,16102,16112,16143,16121,16255,16368,16282,16241,16345,16405,16464,16432,16488,16493,16595,16574,16614,16666,16719,16756,16775,16767,16846,16895,16856,17000,16982,16922,17000,17075,17175,17204,17219,17201,17237,17261,17306,17312,17417,17407,17548,17505,17547,17620,17559,17608,17622,17732,17805,17756,17840,17881,17880,17904,18026,18033,18095,18097,18061,18141,18176,18198,18374,18350,18274,18384,18381,18364,18456,18557,18563,18530,18567,18670,18686,18777,18678,18754,18750,18838,18958,18914,19019,19012,19033,19063,19092,19130,19189,19232,19186,19278,19250,19370,19395,19470,19478,19521,19496,19567,19537,19612,19611,19693,19621,19680,19782,19716,19862,19833,19959,19908,19925,20001,19930,20028,20031,20056,20023,20079,20139,20179,20268,20255,20326,20352,20350,20450,20281,20543,20499,20504,20506,20554,20615,20595,20638,20610,20655,20663,20756,20789,20854,20848,20829,20852,20923,20972,20990,21066
H21,Sample X20,80,79,77,79,77,76,77,78,79,76,78,79,79,76,76,77,78,77,80,78,80,79,82,84,86,85,87,88,90,90,90,90,92,94,95,96,100,100,102,105,105,107,109,109,112,113,115,119,119,122,126,127,129,132,134,137,138,142,144,147,150,152,155,157,159,164,164,168,169,171,174,175,177,182,185,186,185,189,191,191,196,199,197,200,203,205,207,211,210,211,214,215,218,220,222,223,223,228,227,231,232,237,233,237,238,237,240,240,243,246,248,250,251,251,256,254,257,258,259,260,262,264,262,265,268,264,270,269,273,274,277,277,280,278,280,281,283,286,285,288,287,289,289,290,289,292,292,295,295,294,297,295,299,300,302,302,303,301,305,305,307,305,309,311,311,312,313,313,312,318,314,317,317,318,320,321,323,323,322,325,327,326,328,329,327,330,331,330,330,333,335,333,336,336,337,338,340,337,342,343,343,342,345,344,344,347,346,349,347,350,351,351,353,354,354,353,355,355,356,356,357,358,361,358,361,364,363,362,368,366,366,367,367,368,371,370,369,372,369,374,373,375,378,373,376,378,378,379,381,378,382,381,382,385,386,383,389,389,393,391,393,398,400,403,404,404,406,406,407,407,413,408,412,412,413,412,414,415,415,416,418,419,420,420,421,422,422,423,420,425,427,428,425,429,427,428,431,432,431,433,436,432,437,439,438,439,439,441,441,440,441,442,442,443,444,448,448,449,448,452,452,449,453,455,456,457,452,457,457,455,461,463,463,465,465,465,465,465,465,464,469,469,466,471,474,473,474,479,474,480,478,479,481,481,484,481,482,480,486,484,3036,3032,2956,2942,2918,2940,2965,2955,2981,2955,2976,2971,2972,2951,2972,2941,2937,2974,3003,3036,3113,3152,3158,3216,3307,3335,3443,3436,3520,3529,3633,3703,3789,3844,3895,3967,4026,4082,4172,4192,4272,4340,4474,4564,4607,4707,4836,4908,5016,5184,5193,5353,5431,5545,5689,5818,5955,6055,6212,6253,6397,6584,6675,6795,6983,6992,7070,7239,7403,7472,7608,7678,7828,7930,8038,8102,8225,8325,8398,8459,8604,8709,8800,8890,9046,9068,9163,9247,9347,9393,9516,9556,9704,9790,9862,9942,9982,10134,10176,10242,10305,10430,10476,10580,10606,10724,10732,10836,10934,11014,11160,11127,11322,11299,11397,11446,11495,11600,11664,11736,11746,11792,11912,12029,12092,12138,12158,12240,12365,12413,12534,12576,12652,12695,12717,12780,12918,12924,13014,13105,13138,13272,13220,13277,13376,13460,13444,13533,13503,13605,13671,13637,13741,13887,13820,13868,13948,13996,14017,14105,14187,14164,14254,14303,14306,14391,14476,14547,14511,14486,14700,14760,14720,14721,14786,14831,14944,14918,15061,15082,15060,15126,15146,15269,15257,15314,15332,15436,15322,15457,15475,15502,15600,15579,15699,15662,15723,15786,15858,15834,15867,15920,15992,16031,16029,16152,16136,16236,16209,16346,16255,16304,16376,16380,16418,16481,16544,16515,16659,16500,16713,16663,16733,16713,16754,16806,16821,16963,16943,17017,17058,17074,17129,17227,17100,17189,17184,17280,17317,17283,17419,17514,17552,17484,17533,17634,17757,17661,17741,17771,17711,17756,17839,17878,17931,18034,18074,18101,18208,18390,18440,18598,18630,18656,18840,18762,18871,19014,19144,19131,19061,19218,19174,19291,19366,19377,19328,19391,19442,19498,19578,19546,19592,19620,19694,19732,19831,19780,19842,19915,19843,20065,20046,20148,20055,20077,20265,20240,20270,20331,20280,20444,20408,20506,20501,20555,20589,20628,20573,20780,20724,20774,20777,20883,20831,20948,20920,21045,20939,20967,21131,21197,21259,21275,21215,21358,21280,21506,21478,21554,21617,21654,21693,21678,21712,21863,21863,21974,21846,21894,22065,22073,22105,22099,22149,22258,22203,22245,22372,22223,22436,22488,22437,22530,22611,22614,22703,22678,22703,22639
